/*
 * The new Tracker for TikuOS.
 *
 * Authors: Ambuj Varshney <ambuj@tiku-os.org>
 *
 * tiku_icons.c - the embedded HVIF icon set, and a render cache.
 *
 * GENERATED from the blobs in Haiku's src/kits/tracker/TrackerIcons.rdef and
 * src/data/mime_db/.  Edit the generator, not this file.
 *
 * Artwork from Haiku (haiku-os.org), MIT licensed; TrackerIcons.rdef
 * additionally carries the Open Tracker License (Be Incorporated,
 * 1991-2000), reproduced in that file's TrackerIcons.h.
 *
 * SPDX-License-Identifier: MIT
 */

#include <stdlib.h>
#include <dirent.h>
#include <stdio.h>
#include <string.h>

#include "tiku_hvif.h"
#include "tiku_icons.h"

/* folder -- R_BeosFolderIcon-shaped MIME default for a directory */
static const uint8_t tiku_icon_folder[276] = {
    0x6E, 0x63, 0x69, 0x66, 0x07, 0x05, 0x00, 0x02, 0x00, 0x06, 0x02, 0x38,
    0x41, 0x81, 0x3C, 0x9B, 0x3B, 0xBE, 0xAB, 0x39, 0x3A, 0x4F, 0x58, 0x4B,
    0x25, 0x4D, 0x4A, 0x7A, 0xEB, 0x00, 0xFF, 0xE2, 0xAC, 0xFF, 0xF4, 0x98,
    0x06, 0x02, 0x00, 0x16, 0x02, 0x2C, 0x60, 0x67, 0x3C, 0xAA, 0xAB, 0xBE,
    0xBB, 0x08, 0x2E, 0x6E, 0xFB, 0x4B, 0xBA, 0x06, 0x4A, 0x22, 0xB0, 0x00,
    0xFF, 0xFF, 0x8E, 0x02, 0x00, 0x06, 0x02, 0x2C, 0x25, 0xF4, 0x3C, 0x69,
    0x17, 0xBE, 0xBB, 0x08, 0x2E, 0x6E, 0xFB, 0x4B, 0xAF, 0xBF, 0x49, 0x7E,
    0x0B, 0x00, 0xFA, 0xCE, 0x79, 0xFF, 0xBC, 0x41, 0x05, 0x03, 0xA0, 0x3D,
    0x03, 0x02, 0x00, 0x16, 0x02, 0x3A, 0xE3, 0xB4, 0x3C, 0x79, 0xDC, 0xBE,
    0x5B, 0xC5, 0x3C, 0xC0, 0x97, 0x4B, 0x42, 0xAC, 0x47, 0xCA, 0x41, 0x00,
    0x9A, 0xFF, 0x50, 0x04, 0x01, 0x65, 0x07, 0x0A, 0x06, 0x4A, 0x5D, 0x50,
    0x5D, 0x54, 0x59, 0x58, 0x59, 0x5E, 0x53, 0x50, 0x4F, 0x0A, 0x04, 0x23,
    0x2F, 0x2D, 0x49, 0x4A, 0x5B, 0x46, 0x3E, 0x0A, 0x04, 0x23, 0x2F, 0x46,
    0x3E, 0x4A, 0x5B, 0xC3, 0x23, 0x3C, 0x0A, 0x06, 0x3A, 0x28, 0x2E, 0x49,
    0x4A, 0x5A, 0x5C, 0x2C, 0x50, 0x2A, 0x4C, 0x2C, 0x0A, 0x04, 0x30, 0x2B,
    0x30, 0x49, 0x4A, 0x59, 0x51, 0x36, 0x0A, 0x04, 0x30, 0x2B, 0x51, 0x36,
    0x4A, 0x59, 0x54, 0xBB, 0x1E, 0x0A, 0x0A, 0x23, 0x2F, 0x2D, 0x49, 0x4A,
    0x5B, 0x5C, 0x2C, 0x50, 0x2A, 0x4C, 0x2C, 0x3A, 0x28, 0x38, 0x2D, 0x30,
    0x2B, 0xB9, 0x57, 0xBA, 0xA7, 0x08, 0x0A, 0x06, 0x01, 0x00, 0x00, 0x0A,
    0x00, 0x01, 0x06, 0x18, 0x15, 0xFF, 0x01, 0x17, 0x84, 0x00, 0x04, 0x0A,
    0x00, 0x01, 0x06, 0x18, 0x00, 0x15, 0x01, 0x17, 0x86, 0x00, 0x04, 0x0A,
    0x03, 0x01, 0x03, 0x00, 0x0A, 0x02, 0x01, 0x04, 0x00, 0x0A, 0x05, 0x01,
    0x05, 0x00, 0x0A, 0x01, 0x01, 0x01, 0x00, 0x0A, 0x04, 0x01, 0x02, 0x00,
};

/* folder_open -- the Open Target Folder add-on's icon: folder plus arrow */
static const uint8_t tiku_icon_folder_open[359] = {
    0x6E, 0x63, 0x69, 0x66, 0x08, 0x05, 0x00, 0x02, 0x00, 0x06, 0x02, 0x38,
    0x41, 0x81, 0x3C, 0x9B, 0x3B, 0xBE, 0xAB, 0x39, 0x3A, 0x4F, 0x58, 0x4B,
    0x25, 0x4D, 0x4A, 0x7A, 0xEB, 0x00, 0xFF, 0xE2, 0xAC, 0xFF, 0xF4, 0x98,
    0x06, 0x02, 0x00, 0x16, 0x02, 0x2C, 0x60, 0x67, 0x3C, 0xAA, 0xAB, 0xBE,
    0xBB, 0x08, 0x2E, 0x6E, 0xFB, 0x4B, 0xBA, 0x06, 0x4A, 0x22, 0xB0, 0x00,
    0xFF, 0xFF, 0x8E, 0x02, 0x00, 0x06, 0x02, 0x2C, 0x25, 0xF4, 0x3C, 0x69,
    0x17, 0xBE, 0xBB, 0x08, 0x2E, 0x6E, 0xFB, 0x4B, 0xAF, 0xBF, 0x49, 0x7E,
    0x0B, 0x00, 0xFA, 0xCE, 0x79, 0xFF, 0xBC, 0x41, 0x05, 0x03, 0xA0, 0x3D,
    0x03, 0x02, 0x00, 0x16, 0x02, 0x3A, 0xE3, 0xB4, 0x3C, 0x79, 0xDC, 0xBE,
    0x5B, 0xC5, 0x3C, 0xC0, 0x97, 0x4B, 0x42, 0xAC, 0x47, 0xCA, 0x41, 0x00,
    0x9A, 0xFF, 0x50, 0x04, 0x01, 0x65, 0x03, 0xFF, 0x8A, 0x00, 0x08, 0x0A,
    0x06, 0x4A, 0x5D, 0x50, 0x5D, 0x54, 0x59, 0x58, 0x59, 0x5E, 0x53, 0x50,
    0x4F, 0x0A, 0x04, 0x23, 0x2F, 0x2D, 0x49, 0x4A, 0x5B, 0x46, 0x3E, 0x0A,
    0x04, 0x23, 0x2F, 0x46, 0x3E, 0x4A, 0x5B, 0xC3, 0x23, 0x3C, 0x0A, 0x06,
    0x3A, 0x28, 0x2E, 0x49, 0x4A, 0x5A, 0x5C, 0x2C, 0x50, 0x2A, 0x4C, 0x2C,
    0x0A, 0x04, 0x30, 0x2B, 0x30, 0x49, 0x4A, 0x59, 0x51, 0x36, 0x0A, 0x04,
    0x30, 0x2B, 0x51, 0x36, 0x4A, 0x59, 0x54, 0xBB, 0x1E, 0x0A, 0x0A, 0x23,
    0x2F, 0x2D, 0x49, 0x4A, 0x5B, 0x5C, 0x2C, 0x50, 0x2A, 0x4C, 0x2C, 0x3A,
    0x28, 0x38, 0x2D, 0x30, 0x2B, 0xB9, 0x57, 0xBA, 0xA7, 0x06, 0x07, 0xFA,
    0x2F, 0x5C, 0x48, 0x3C, 0x53, 0x44, 0x48, 0x44, 0x48, 0xBE, 0x4E, 0xC2,
    0x0A, 0x3A, 0x30, 0xAE, 0xC4, 0xC0, 0x98, 0x3A, 0x30, 0x3E, 0x32, 0x3E,
    0x32, 0x28, 0x40, 0x4A, 0x3F, 0x42, 0x3D, 0x4A, 0x3F, 0x50, 0x36, 0x0B,
    0x0A, 0x06, 0x01, 0x00, 0x00, 0x0A, 0x00, 0x01, 0x06, 0x18, 0x15, 0xFF,
    0x01, 0x17, 0x84, 0x00, 0x04, 0x0A, 0x00, 0x01, 0x06, 0x18, 0x00, 0x15,
    0x01, 0x17, 0x86, 0x00, 0x04, 0x0A, 0x03, 0x01, 0x03, 0x00, 0x0A, 0x02,
    0x01, 0x04, 0x00, 0x0A, 0x05, 0x01, 0x05, 0x00, 0x0A, 0x01, 0x01, 0x01,
    0x00, 0x0A, 0x04, 0x01, 0x02, 0x00, 0x0A, 0x07, 0x01, 0x07, 0x20, 0xB2,
    0x40, 0xB2, 0xB3, 0x0A, 0x00, 0x01, 0x07, 0x38, 0xB2, 0x80, 0xB2, 0x80,
    0x15, 0xFF, 0x01, 0x17, 0x83, 0x10, 0x04, 0x0A, 0x00, 0x01, 0x07, 0x38,
    0xB2, 0x80, 0xB2, 0x80, 0x00, 0x15, 0x01, 0x17, 0x85, 0x10, 0x04,
};

/* file -- R_FileIcon */
static const uint8_t tiku_icon_file[215] = {
    0x6E, 0x63, 0x69, 0x66, 0x04, 0x02, 0x00, 0x06, 0x03, 0x39, 0x9E, 0x0F,
    0x3D, 0x9C, 0x0A, 0xBF, 0x82, 0xB2, 0x3B, 0x84, 0xA9, 0x4B, 0x88, 0x50,
    0x48, 0x70, 0xC9, 0x00, 0xA5, 0xB1, 0xFF, 0xBC, 0xEA, 0xF1, 0xFF, 0xFF,
    0xB3, 0xB8, 0xFF, 0x05, 0x01, 0x02, 0x01, 0x06, 0x02, 0x3E, 0x49, 0x24,
    0x00, 0x00, 0x00, 0x00, 0x00, 0x00, 0x3C, 0xAA, 0xAA, 0x49, 0x40, 0x00,
    0x4A, 0x30, 0x00, 0xFF, 0xC0, 0xD5, 0xFF, 0x7C, 0x89, 0x6E, 0xFF, 0x04,
    0x01, 0x92, 0x04, 0x06, 0x06, 0xAE, 0x0B, 0xB4, 0x0B, 0xBF, 0x4D, 0x33,
    0xC3, 0xAF, 0xB7, 0x5D, 0xC1, 0x73, 0xBD, 0xEF, 0xC6, 0x07, 0xC1, 0x3E,
    0xC8, 0x04, 0xCA, 0x28, 0xBD, 0x82, 0xC1, 0x18, 0xB9, 0x20, 0xC5, 0x1B,
    0xBB, 0x40, 0xBF, 0x07, 0xB8, 0x08, 0x3A, 0xB6, 0xBC, 0x06, 0x05, 0xAE,
    0x02, 0xB5, 0x7D, 0x3E, 0xB9, 0xB9, 0xC3, 0xEF, 0xB7, 0xBB, 0x44, 0xBB,
    0xB7, 0x51, 0xBD, 0x75, 0xC9, 0x36, 0xCA, 0x8E, 0xC1, 0xB1, 0x40, 0x2F,
    0x0A, 0x09, 0x3B, 0x59, 0x3D, 0x5B, 0xBF, 0xCD, 0xC9, 0x3E, 0x45, 0x5B,
    0xC5, 0x16, 0xC5, 0xF1, 0x60, 0x46, 0x5B, 0x43, 0x5D, 0x45, 0x44, 0x51,
    0x0A, 0x04, 0x5A, 0x42, 0x5E, 0x3F, 0x5A, 0x3D, 0x57, 0x40, 0x05, 0x0A,
    0x03, 0x02, 0x02, 0x03, 0x00, 0x0A, 0x01, 0x01, 0x01, 0x10, 0x01, 0x17,
    0x84, 0x00, 0x04, 0x0A, 0x02, 0x01, 0x01, 0x00, 0x0A, 0x01, 0x01, 0x00,
    0x10, 0x01, 0x17, 0x84, 0x00, 0x04, 0x0A, 0x00, 0x01, 0x00, 0x00,
};

/* volume -- MIME application/x-vnd.Be-volume, == R_HardDiskIcon */
static const uint8_t tiku_icon_volume[403] = {
    0x6E, 0x63, 0x69, 0x66, 0x08, 0x05, 0x00, 0x04, 0x00, 0x54, 0x02, 0x00,
    0x06, 0x02, 0x3B, 0x01, 0x9B, 0x3A, 0xA2, 0x35, 0xBC, 0x24, 0x3E, 0x3C,
    0x71, 0xD2, 0x48, 0xD1, 0x7C, 0x49, 0x84, 0x91, 0x00, 0xE7, 0xBB, 0x8F,
    0xFF, 0xC9, 0x98, 0x67, 0x02, 0x00, 0x06, 0x02, 0x3B, 0xA7, 0x11, 0x38,
    0xD0, 0xC8, 0xBB, 0xF4, 0xB8, 0x3E, 0x90, 0xE6, 0x4A, 0xED, 0x7C, 0x48,
    0x5B, 0xD7, 0x00, 0x8A, 0x56, 0x1D, 0xFF, 0xB5, 0x7A, 0x3A, 0x02, 0x00,
    0x06, 0x02, 0xBB, 0x6F, 0xCB, 0xB8, 0xD4, 0xC8, 0x39, 0xAA, 0x71, 0xBC,
    0x39, 0x92, 0x49, 0x2F, 0xF1, 0x48, 0xD9, 0x6A, 0x00, 0xFF, 0xC7, 0x90,
    0xFF, 0xFF, 0xF4, 0xEA, 0x03, 0x66, 0x33, 0x00, 0x03, 0xFF, 0xDF, 0xC0,
    0x03, 0xAD, 0x72, 0x38, 0x11, 0x0A, 0x06, 0x26, 0x54, 0x3A, 0x46, 0x4C,
    0x45, 0x5C, 0x4B, 0x4C, 0x60, 0x3E, 0x60, 0x0A, 0x06, 0x38, 0x22, 0x26,
    0x2E, 0x26, 0x4F, 0x3C, 0x5A, 0x4E, 0x48, 0x4E, 0x2A, 0x0A, 0x04, 0x26,
    0x2E, 0x26, 0x4F, 0x3C, 0x5A, 0x3C, 0x37, 0x0A, 0x04, 0x3C, 0x37, 0x3C,
    0x5A, 0x4E, 0x48, 0x4E, 0x2A, 0x0A, 0x04, 0x38, 0x22, 0x26, 0x2E, 0x3C,
    0x37, 0x4E, 0x2A, 0x0A, 0x04, 0x28, 0x32, 0x28, 0x4E, 0x3A, 0x57, 0x3A,
    0x39, 0x0A, 0x04, 0x2A, 0x4D, 0x2B, 0x46, 0x38, 0x49, 0x2A, 0x43, 0x0A,
    0x04, 0x2A, 0x4D, 0x36, 0x52, 0x38, 0x49, 0x2B, 0x46, 0x0A, 0x04, 0x2A,
    0x4D, 0x38, 0x54, 0x38, 0x49, 0x36, 0x52, 0x0A, 0x04, 0x2E, 0x4C, 0xBB,
    0x2B, 0xC5, 0xD3, 0xBB, 0x2B, 0xC5, 0x07, 0x2E, 0x4A, 0x0A, 0x04, 0x2C,
    0x49, 0x34, 0x4D, 0x34, 0x4B, 0x2C, 0x47, 0x0A, 0x04, 0x2A, 0x35, 0x2A,
    0x40, 0x2B, 0x38, 0x38, 0x3B, 0x0A, 0x04, 0x36, 0x44, 0x2A, 0x40, 0x38,
    0x46, 0x38, 0x3B, 0x0A, 0x04, 0x2B, 0x38, 0x2A, 0x40, 0x36, 0x44, 0x38,
    0x3B, 0x0A, 0x04, 0x2E, 0xBE, 0x67, 0x2E, 0xBF, 0x33, 0xBB, 0x2D, 0xC0,
    0x3F, 0xBB, 0x2D, 0xBF, 0x73, 0x0A, 0x04, 0x2C, 0xBD, 0x29, 0x2C, 0xBD,
    0xF5, 0x34, 0x3F, 0x34, 0x3D, 0x08, 0x02, 0x2A, 0x4E, 0x2A, 0x54, 0x0E,
    0x0A, 0x01, 0x01, 0x00, 0x00, 0x0A, 0x00, 0x01, 0x10, 0x10, 0x01, 0x17,
    0x84, 0x20, 0x04, 0x0A, 0x00, 0x01, 0x10, 0x30, 0x30, 0x29, 0x01, 0x17,
    0x84, 0x20, 0x04, 0x0A, 0x00, 0x01, 0x10, 0x30, 0x40, 0x1B, 0x01, 0x17,
    0x84, 0x20, 0x04, 0x0A, 0x00, 0x01, 0x01, 0x10, 0x01, 0x17, 0x84, 0x00,
    0x04, 0x0A, 0x02, 0x01, 0x02, 0x00, 0x0A, 0x03, 0x01, 0x03, 0x00, 0x0A,
    0x04, 0x01, 0x04, 0x00, 0x0A, 0x05, 0x01, 0x05, 0x00, 0x0A, 0x06, 0x02,
    0x0B, 0x06, 0x00, 0x0A, 0x02, 0x02, 0x07, 0x0D, 0x00, 0x0A, 0x07, 0x02,
    0x0C, 0x08, 0x00, 0x0A, 0x03, 0x02, 0x09, 0x0E, 0x08, 0x15, 0xFF, 0x0A,
    0x00, 0x02, 0x0A, 0x0F, 0x08, 0x15, 0xFF,
};

/* symlink -- MIME be-symlink; R_BrokenLinkIcon is the same bytes */
static const uint8_t tiku_icon_symlink[974] = {
    0x6E, 0x63, 0x69, 0x66, 0x0D, 0x05, 0x00, 0x04, 0x01, 0x74, 0x05, 0xFF,
    0x02, 0x00, 0x06, 0x02, 0x3C, 0x43, 0xC6, 0xB9, 0xE5, 0xE2, 0x3A, 0x85,
    0xA8, 0x3C, 0xEE, 0x41, 0x42, 0x68, 0xF4, 0x4A, 0x44, 0x59, 0x00, 0xC6,
    0xD7, 0xF5, 0xFF, 0x6B, 0x94, 0xDD, 0x02, 0x00, 0x06, 0x02, 0xB9, 0xD4,
    0x9D, 0x35, 0x98, 0x1F, 0xB8, 0x77, 0x0C, 0xBC, 0xA0, 0x89, 0x48, 0x67,
    0xF6, 0x4A, 0xA0, 0xA5, 0x00, 0xE3, 0xED, 0xFF, 0xFF, 0x9E, 0xC2, 0xFF,
    0x02, 0x00, 0x06, 0x02, 0x39, 0xD8, 0x7A, 0x39, 0x33, 0x53, 0xBB, 0x32,
    0xCD, 0x3B, 0xD7, 0xD9, 0x49, 0x24, 0x3A, 0x49, 0xB0, 0x83, 0x00, 0x00,
    0x3C, 0xB0, 0xFF, 0x05, 0x4C, 0xDC, 0x03, 0xEC, 0x66, 0x66, 0x02, 0x00,
    0x06, 0x02, 0x3B, 0xC0, 0x00, 0x00, 0x00, 0x00, 0x00, 0x00, 0x00, 0x3D,
    0x20, 0x00, 0x4B, 0x10, 0x00, 0x00, 0x00, 0x00, 0x00, 0xFF, 0xC7, 0xC7,
    0xFF, 0xFF, 0xAC, 0xAC, 0x03, 0xFF, 0xC7, 0xC7, 0x02, 0x00, 0x06, 0x02,
    0x3C, 0x0A, 0xE6, 0x3B, 0x39, 0x27, 0xBC, 0x61, 0x1E, 0x3D, 0x03, 0xFF,
    0x4C, 0x25, 0x62, 0x4A, 0x1A, 0x96, 0x00, 0xA3, 0x04, 0x3C, 0xFF, 0xFF,
    0x90, 0xAF, 0x02, 0x00, 0x06, 0x02, 0x3B, 0x2B, 0x47, 0xBB, 0x18, 0x65,
    0x3D, 0x0F, 0xA5, 0x3D, 0x22, 0x51, 0x48, 0x29, 0x70, 0x46, 0xCA, 0x19,
    0x00, 0xFF, 0xEC, 0x4B, 0xFF, 0xF0, 0xA5, 0x06, 0x02, 0x00, 0x06, 0x02,
    0x3B, 0x30, 0x49, 0x39, 0x6B, 0x0A, 0xBA, 0x90, 0x83, 0x3C, 0x64, 0x6E,
    0x4A, 0x10, 0x15, 0x43, 0x29, 0x95, 0x00, 0xFF, 0xFF, 0xFF, 0xFF, 0xFF,
    0xF2, 0x89, 0x02, 0x00, 0x06, 0x02, 0x3A, 0x1D, 0xA6, 0x39, 0x3F, 0x04,
    0xBB, 0xB5, 0xBC, 0x3C, 0x6B, 0x07, 0x4A, 0xEA, 0x36, 0x48, 0x09, 0x11,
    0x00, 0xF9, 0x9B, 0x05, 0xFF, 0xFC, 0xB2, 0x3D, 0x34, 0x0A, 0x03, 0x27,
    0x5D, 0x2D, 0x58, 0x29, 0x56, 0x0A, 0x04, 0x2C, 0x53, 0x31, 0x53, 0x44,
    0x48, 0x38, 0x44, 0x0A, 0x04, 0x23, 0x57, 0x27, 0x5A, 0x28, 0x56, 0x27,
    0x54, 0x0A, 0x03, 0x27, 0x5A, 0x27, 0x54, 0x23, 0x57, 0x0A, 0x03, 0x27,
    0x5A, 0x28, 0x56, 0x27, 0x54, 0x0A, 0x08, 0x36, 0x48, 0x36, 0x41, 0x32,
    0x3E, 0x2C, 0x3C, 0x22, 0x37, 0x22, 0x47, 0x2C, 0x51, 0x3A, 0x49, 0x0A,
    0x06, 0x2B, 0x3E, 0x28, 0x3E, 0x22, 0x37, 0x22, 0x47, 0x2C, 0x51, 0x2C,
    0x41, 0x0A, 0x03, 0xB6, 0x44, 0xBE, 0xA2, 0x2C, 0x3C, 0x22, 0x37, 0x0A,
    0x03, 0x2B, 0x3E, 0x2C, 0x41, 0x2C, 0x3C, 0x0A, 0x03, 0x32, 0x3E, 0x2C,
    0x3C, 0x2C, 0x41, 0x0A, 0x03, 0x2B, 0x3E, 0x2C, 0x3C, 0x28, 0x3D, 0x0A,
    0x06, 0x36, 0x48, 0x36, 0x41, 0x32, 0x3E, 0x2C, 0x41, 0x2C, 0x51, 0x3A,
    0x49, 0x0A, 0x04, 0x60, 0x3E, 0x5C, 0x3C, 0x4E, 0x4D, 0x53, 0x4D, 0x0A,
    0x0A, 0x4A, 0x2A, 0x46, 0x2D, 0x44, 0x36, 0x42, 0x38, 0x3E, 0x3A, 0x3E,
    0x42, 0x4E, 0x4B, 0x5A, 0x3F, 0x5A, 0x2D, 0x4C, 0x28, 0x0A, 0x03, 0x49,
    0x40, 0x4C, 0x38, 0x47, 0x3C, 0x0A, 0x08, 0x52, 0x35, 0x52, 0x37, 0x50,
    0x38, 0x50, 0x3C, 0x4E, 0x3C, 0x4E, 0x4B, 0x5A, 0x3F, 0x5A, 0x2D, 0x0A,
    0x04, 0x50, 0x2E, 0x4A, 0x2E, 0x4C, 0x38, 0x4E, 0x32, 0x0A, 0x03, 0x4E,
    0x32, 0x4C, 0x38, 0x52, 0x35, 0x0A, 0x08, 0x49, 0x40, 0x47, 0x3C, 0x42,
    0x38, 0x3E, 0x3A, 0x3E, 0x42, 0x4E, 0x4B, 0x4E, 0x3C, 0x4B, 0x3D, 0x0A,
    0x03, 0x44, 0x36, 0x4C, 0x38, 0x46, 0x2C, 0x0A, 0x03, 0x50, 0x3C, 0x50,
    0x38, 0x4C, 0x38, 0x0A, 0x04, 0x42, 0x38, 0x47, 0x3C, 0x4C, 0x38, 0x44,
    0x36, 0x0A, 0x04, 0x50, 0x3C, 0x4C, 0x38, 0x4B, 0x3D, 0x4E, 0x3C, 0x0A,
    0x07, 0x4C, 0x28, 0x4A, 0x2A, 0x4A, 0x2E, 0xC5, 0xED, 0x2E, 0x4E, 0xBA,
    0x45, 0x52, 0x35, 0x5A, 0x2D, 0x0A, 0x03, 0x52, 0x38, 0x52, 0x35, 0x4C,
    0x38, 0x0A, 0x03, 0x49, 0x40, 0x4B, 0x3D, 0x4C, 0x38, 0x0A, 0x04, 0x4A,
    0x2A, 0x46, 0x2D, 0x4C, 0x38, 0x4A, 0x2E, 0x0A, 0x04, 0x41, 0x56, 0x40,
    0x58, 0x44, 0x58, 0x47, 0x56, 0x0A, 0x04, 0x4F, 0x52, 0x4A, 0x56, 0x4C,
    0x56, 0x54, 0x54, 0x0A, 0x04, 0x4B, 0x4E, 0x44, 0x4C, 0x45, 0x50, 0x4A,
    0x50, 0x0A, 0x04, 0x35, 0x58, 0x31, 0x5B, 0x37, 0x5B, 0xBD, 0xBE, 0x58,
    0x0A, 0x07, 0x5C, 0x5A, 0x57, 0x5F, 0x59, 0x5F, 0x5E, 0xCA, 0xF8, 0x5E,
    0x5A, 0x60, 0xC8, 0xE2, 0x5B, 0x56, 0x0A, 0x0D, 0x3E, 0x50, 0x3C, 0x51,
    0x3A, 0x56, 0x32, 0x55, 0x32, 0x59, 0x3A, 0x56, 0x40, 0x56, 0x44, 0x54,
    0x4B, 0x54, 0x4D, 0x52, 0x49, 0x52, 0x45, 0x50, 0x43, 0x4B, 0x0A, 0x09,
    0x57, 0x58, 0x51, 0x58, 0x50, 0x59, 0x54, 0x5D, 0x57, 0x5D, 0x5A, 0x5B,
    0x5A, 0x58, 0x5C, 0x58, 0x59, 0x56, 0x0A, 0x03, 0x32, 0x55, 0x32, 0x59,
    0x3A, 0x56, 0x0A, 0x03, 0x43, 0x4B, 0x3E, 0x50, 0x41, 0x4F, 0x0A, 0x05,
    0x3C, 0x52, 0x3F, 0x56, 0x44, 0x54, 0x45, 0x52, 0x3F, 0x53, 0x0A, 0x04,
    0x52, 0x58, 0x54, 0x5B, 0x57, 0x5B, 0x57, 0x58, 0x0A, 0x03, 0x45, 0x52,
    0x4A, 0x52, 0x45, 0x50, 0x0A, 0x03, 0x3F, 0x56, 0x3C, 0x52, 0x3A, 0x56,
    0x0A, 0x03, 0x44, 0x54, 0x4A, 0x54, 0x45, 0x52, 0x0A, 0x04, 0x3C, 0x52,
    0x3F, 0x53, 0x45, 0x52, 0x41, 0x4F, 0x0A, 0x03, 0x50, 0x59, 0x53, 0x5D,
    0x52, 0x58, 0x0A, 0x06, 0x59, 0x56, 0x57, 0x58, 0x57, 0x5B, 0x59, 0x5A,
    0x5A, 0x58, 0x5C, 0x58, 0x0A, 0x04, 0x41, 0x4F, 0x45, 0x52, 0x45, 0x50,
    0x43, 0x4B, 0x0A, 0x03, 0x4A, 0x54, 0x4D, 0x52, 0x45, 0x52, 0x0A, 0x08,
    0x59, 0x5A, 0x57, 0x5B, 0xC7, 0x85, 0xCA, 0x4F, 0x52, 0x58, 0x53, 0x5D,
    0x57, 0x5D, 0x5A, 0x5B, 0x5A, 0x58, 0x0A, 0x04, 0x52, 0x35, 0x53, 0x34,
    0x4F, 0x32, 0x4E, 0x32, 0x0A, 0x03, 0x50, 0x38, 0x50, 0x37, 0x4C, 0x38,
    0x0A, 0x08, 0x4B, 0x3C, 0xC3, 0x86, 0xBF, 0x3C, 0x48, 0x3B, 0x42, 0x38,
    0x47, 0x3C, 0x49, 0x40, 0x4B, 0x3D, 0x4E, 0x3C, 0x0A, 0x04, 0x4A, 0x2E,
    0x4C, 0x38, 0x4B, 0x2F, 0x50, 0x2E, 0x0A, 0x08, 0x22, 0x37, 0x28, 0x3E,
    0x2B, 0x3E, 0x2C, 0x41, 0x32, 0x3E, 0x2C, 0x3F, 0x2C, 0x3D, 0x29, 0x3D,
    0x0D, 0x0A, 0x01, 0x08, 0x00, 0x01, 0x1B, 0x1C, 0x1D, 0x1E, 0x1F, 0x0C,
    0x00, 0x0A, 0x00, 0x05, 0x05, 0x02, 0x0D, 0x20, 0x21, 0x10, 0x01, 0x17,
    0x84, 0x00, 0x04, 0x0A, 0x04, 0x04, 0x07, 0x08, 0x09, 0x0A, 0x00, 0x0A,
    0x03, 0x02, 0x06, 0x03, 0x00, 0x0A, 0x05, 0x02, 0x0B, 0x04, 0x00, 0x0A,
    0x09, 0x03, 0x0F, 0x0E, 0x10, 0x00, 0x0A, 0x06, 0x04, 0x12, 0x11, 0x13,
    0x14, 0x00, 0x0A, 0x07, 0x04, 0x15, 0x16, 0x17, 0x18, 0x00, 0x0A, 0x08,
    0x02, 0x19, 0x1A, 0x00, 0x0A, 0x0B, 0x04, 0x23, 0x24, 0x25, 0x26, 0x00,
    0x0A, 0x0A, 0x06, 0x27, 0x28, 0x29, 0x2A, 0x2B, 0x22, 0x00, 0x0A, 0x0C,
    0x03, 0x2C, 0x2D, 0x2E, 0x00, 0x0A, 0x02, 0x05, 0x2F, 0x30, 0x31, 0x33,
    0x32, 0x00,
};

/* trash_empty -- R_TrashIcon */
static const uint8_t tiku_icon_trash_empty[348] = {
    0x6E, 0x63, 0x69, 0x66, 0x08, 0x05, 0x00, 0x02, 0x00, 0x06, 0x03, 0xBA,
    0x4B, 0x11, 0x3C, 0x48, 0xAC, 0xBE, 0x2D, 0x70, 0xBC, 0x2F, 0xB8, 0x4A,
    0xC2, 0x99, 0x4B, 0x7D, 0xDB, 0x43, 0x02, 0x58, 0x5D, 0x66, 0x04, 0xD4,
    0x7E, 0xFF, 0x04, 0xA1, 0x97, 0x02, 0x00, 0x06, 0x02, 0x3B, 0xF0, 0x8B,
    0x38, 0x3E, 0xFE, 0xBC, 0x31, 0x70, 0x3F, 0xD8, 0xC5, 0x4A, 0xC8, 0x29,
    0x48, 0x02, 0xCB, 0x00, 0x02, 0x57, 0x52, 0xFF, 0x04, 0xAB, 0xA1, 0x02,
    0x00, 0x14, 0x02, 0x00, 0xFF, 0xFF, 0xAE, 0x02, 0x00, 0x16, 0x02, 0x00,
    0x00, 0x00, 0x3C, 0x45, 0x14, 0xBE, 0x1A, 0x69, 0x00, 0x00, 0x00, 0x4B,
    0x3F, 0x00, 0x48, 0x31, 0xFF, 0x00, 0xA9, 0xFF, 0x47, 0x02, 0x00, 0x16,
    0x03, 0x3C, 0x74, 0xBD, 0xB4, 0x53, 0x76, 0x37, 0xC8, 0x1B, 0x3F, 0xFE,
    0x35, 0x45, 0xF3, 0xEB, 0xC4, 0x7F, 0xAF, 0x00, 0x01, 0xE0, 0x01, 0xFE,
    0x83, 0x05, 0x76, 0x04, 0x01, 0x73, 0x0A, 0x0A, 0x05, 0x30, 0x55, 0x40,
    0x5E, 0x4C, 0x52, 0x52, 0x32, 0x28, 0x32, 0x0A, 0x04, 0x28, 0x32, 0x30,
    0x55, 0x40, 0x5E, 0x40, 0x32, 0x0A, 0x04, 0x40, 0x32, 0x40, 0x5E, 0x4C,
    0x52, 0x52, 0x32, 0x06, 0x08, 0xEA, 0xFB, 0x24, 0x36, 0x40, 0x45, 0x56,
    0x34, 0x56, 0x31, 0x56, 0x31, 0x56, 0xB9, 0x59, 0xC7, 0xB4, 0xB8, 0x99,
    0xC8, 0x36, 0xB8, 0xD5, 0xC7, 0xB4, 0xB8, 0x99, 0x3A, 0x22, 0xB5, 0x52,
    0xB9, 0x47, 0xB5, 0x52, 0xB9, 0x47, 0xB4, 0xDE, 0xB9, 0x96, 0x24, 0x33,
    0x24, 0xBA, 0x25, 0x24, 0x33, 0x08, 0x03, 0x26, 0x32, 0x40, 0x40, 0x54,
    0xB9, 0x86, 0x0A, 0x04, 0x3A, 0x22, 0x3A, 0x3B, 0x40, 0x3E, 0x54, 0xB8,
    0xA0, 0x0A, 0x04, 0x3A, 0x22, 0x3C, 0x23, 0x3C, 0x3C, 0x27, 0x30, 0x0A,
    0x04, 0x24, 0x33, 0x24, 0x36, 0x40, 0x45, 0x40, 0x42, 0x0A, 0x04, 0x40,
    0x45, 0x56, 0xBA, 0xEB, 0x56, 0x30, 0x40, 0x41, 0x0A, 0x04, 0x40, 0x60,
    0x4D, 0x60, 0x59, 0x54, 0x4D, 0x4E, 0x0A, 0x0A, 0x07, 0x01, 0x09, 0x00,
    0x0A, 0x00, 0x01, 0x00, 0x10, 0x01, 0x17, 0x84, 0x00, 0x04, 0x0A, 0x01,
    0x01, 0x01, 0x00, 0x0A, 0x02, 0x01, 0x02, 0x00, 0x0A, 0x00, 0x01, 0x03,
    0x10, 0x01, 0x17, 0x84, 0x02, 0x04, 0x0A, 0x06, 0x01, 0x07, 0x00, 0x0A,
    0x04, 0x01, 0x08, 0x00, 0x0A, 0x04, 0x01, 0x05, 0x00, 0x0A, 0x05, 0x01,
    0x06, 0x00, 0x0A, 0x03, 0x01, 0x04, 0x10, 0x01, 0x17, 0x84, 0x20, 0x04,
};

/* trash_full -- R_TrashFullIcon */
static const uint8_t tiku_icon_trash_full[811] = {
    0x6E, 0x63, 0x69, 0x66, 0x0E, 0x05, 0x00, 0x02, 0x00, 0x06, 0x03, 0xBA,
    0x4B, 0x11, 0x3C, 0x48, 0xAC, 0xBE, 0x2D, 0x70, 0xBC, 0x2F, 0xB8, 0x4A,
    0xC2, 0x99, 0x4B, 0x7D, 0xDB, 0x43, 0x02, 0x58, 0x5D, 0x66, 0x04, 0xD4,
    0x7E, 0xFF, 0x04, 0xA1, 0x97, 0x02, 0x00, 0x06, 0x02, 0x3B, 0xF0, 0x8B,
    0x38, 0x3E, 0xFE, 0xBC, 0x31, 0x70, 0x3F, 0xD8, 0xC5, 0x4A, 0xC8, 0x29,
    0x48, 0x02, 0xCB, 0x00, 0x02, 0x57, 0x52, 0xFF, 0x04, 0xAB, 0xA1, 0x02,
    0x00, 0x14, 0x02, 0x00, 0xFF, 0xFF, 0xAE, 0x02, 0x00, 0x16, 0x02, 0x00,
    0x00, 0x00, 0x3C, 0x45, 0x14, 0xBE, 0x1A, 0x69, 0x00, 0x00, 0x00, 0x4B,
    0x3F, 0x00, 0x48, 0x31, 0xFF, 0x00, 0xA9, 0xFF, 0x47, 0x02, 0x00, 0x16,
    0x03, 0x3C, 0x74, 0xBD, 0xB4, 0x53, 0x76, 0x37, 0xC8, 0x1B, 0x3F, 0xFE,
    0x35, 0x45, 0xF3, 0xEB, 0xC4, 0x7F, 0xAF, 0x00, 0x01, 0xE0, 0x01, 0xFE,
    0x83, 0x05, 0x76, 0x04, 0x01, 0x73, 0x02, 0x00, 0x06, 0x02, 0x3A, 0x47,
    0x5E, 0x37, 0xCC, 0xB0, 0xB8, 0xCF, 0x2E, 0x3B, 0x5E, 0xA8, 0x47, 0x85,
    0xEF, 0x46, 0x8A, 0xBA, 0x00, 0xFB, 0xFF, 0xCE, 0xFF, 0xEC, 0xCD, 0x60,
    0x02, 0x00, 0x06, 0x02, 0x3A, 0xC7, 0xF2, 0xB8, 0x4E, 0xCB, 0x38, 0xAF,
    0x4A, 0x3B, 0x3C, 0x3C, 0x4A, 0x31, 0xC3, 0x45, 0xFD, 0x54, 0x00, 0x55,
    0x71, 0x9E, 0xFF, 0xDC, 0xE9, 0xFF, 0x03, 0xDB, 0x59, 0x59, 0x02, 0x00,
    0x06, 0x02, 0x38, 0x70, 0x9A, 0x34, 0xA9, 0x27, 0xB6, 0xC5, 0xB5, 0x3A,
    0x8A, 0xC9, 0x49, 0x6D, 0x4C, 0x44, 0x1F, 0x0A, 0x00, 0xFF, 0xC7, 0xC7,
    0xFF, 0xFF, 0xAC, 0xAC, 0x02, 0x00, 0x06, 0x02, 0x3A, 0xDB, 0xB5, 0x39,
    0x01, 0x27, 0xBA, 0x54, 0xAA, 0x3C, 0x37, 0x9E, 0x4A, 0x93, 0x88, 0x45,
    0x2B, 0xAA, 0x00, 0xA3, 0x04, 0x3C, 0xFF, 0xFF, 0x90, 0xAF, 0x02, 0x00,
    0x06, 0x02, 0x38, 0x56, 0xFB, 0xB4, 0x3F, 0xB1, 0x36, 0xE0, 0xB3, 0x3A,
    0xFE, 0x80, 0x4A, 0x63, 0x7E, 0x46, 0x29, 0x8A, 0x00, 0x89, 0x37, 0x54,
    0xFF, 0xCE, 0x32, 0x69, 0x15, 0x0A, 0x05, 0x30, 0x55, 0x40, 0x5E, 0x4C,
    0x52, 0x52, 0x32, 0x28, 0x32, 0x0A, 0x04, 0x28, 0x32, 0x30, 0x55, 0x40,
    0x5E, 0x40, 0x32, 0x0A, 0x04, 0x40, 0x32, 0x40, 0x5E, 0x4C, 0x52, 0x52,
    0x32, 0x06, 0x08, 0xEA, 0xFB, 0x24, 0x36, 0x40, 0x45, 0x56, 0x34, 0x56,
    0x31, 0x56, 0x31, 0x56, 0xB9, 0x59, 0xC7, 0xB4, 0xB8, 0x99, 0xC8, 0x36,
    0xB8, 0xD5, 0xC7, 0xB4, 0xB8, 0x99, 0x3A, 0x22, 0xB5, 0x52, 0xB9, 0x47,
    0xB5, 0x52, 0xB9, 0x47, 0xB4, 0xDE, 0xB9, 0x96, 0x24, 0x33, 0x24, 0xBA,
    0x25, 0x24, 0x33, 0x08, 0x03, 0x26, 0x32, 0x40, 0x40, 0x54, 0xB9, 0x86,
    0x0A, 0x04, 0x3A, 0x22, 0x3A, 0x3B, 0x40, 0x3E, 0x54, 0xB8, 0xA0, 0x0A,
    0x04, 0x3A, 0x22, 0x3C, 0x23, 0x3C, 0x3C, 0x27, 0x30, 0x0A, 0x04, 0x24,
    0x33, 0x24, 0x36, 0x40, 0x45, 0x40, 0x42, 0x0A, 0x04, 0x40, 0x45, 0x56,
    0xBA, 0xEB, 0x56, 0x30, 0x40, 0x41, 0x0A, 0x04, 0x40, 0x60, 0x4D, 0x60,
    0x59, 0x54, 0x4D, 0x4E, 0x06, 0x06, 0xBA, 0x0E, 0x23, 0x2A, 0x2A, 0x37,
    0x33, 0x37, 0x30, 0x36, 0x36, 0x38, 0x39, 0x39, 0x32, 0x30, 0x2B, 0x2B,
    0x2E, 0x2C, 0x28, 0x2A, 0x06, 0x05, 0xBA, 0x02, 0x3D, 0x2E, 0x47, 0x24,
    0x4C, 0x29, 0xC3, 0xDD, 0xB5, 0x96, 0x4E, 0x2C, 0x4F, 0x30, 0x3F, 0x3A,
    0x0A, 0x06, 0x32, 0x2B, 0x32, 0x36, 0x3B, 0x3A, 0x42, 0x34, 0x42, 0x2A,
    0x39, 0x26, 0x0A, 0x04, 0x32, 0x2B, 0x32, 0x35, 0x3B, 0x3A, 0x3B, 0x2F,
    0x0A, 0x04, 0x32, 0x2B, 0x3B, 0x2F, 0x42, 0x2A, 0x39, 0x26, 0x0A, 0x04,
    0x3B, 0x2F, 0x3B, 0x3A, 0x42, 0x34, 0x42, 0x2A, 0x08, 0x02, 0x27, 0x2C,
    0x2C, 0x35, 0x08, 0x02, 0xB7, 0x48, 0xB8, 0xAD, 0xB8, 0xA0, 0xBB, 0x37,
    0x08, 0x02, 0xB7, 0xE1, 0xB8, 0x14, 0xB9, 0x9F, 0xBB, 0x9D, 0x06, 0x05,
    0xFE, 0x02, 0xC0, 0x98, 0xBA, 0x78, 0xC2, 0xC9, 0xB8, 0xBA, 0xC2, 0xC9,
    0xB9, 0x9E, 0xC2, 0xC9, 0xB7, 0x88, 0x49, 0x2A, 0x47, 0x2A, 0xC3, 0xE6,
    0x2A, 0x4B, 0x2F, 0xC4, 0xBF, 0xB7, 0xF3, 0xC3, 0x73, 0xBA, 0x1C, 0xC0,
    0x32, 0xBB, 0x84, 0x02, 0x02, 0x48, 0x2A, 0x48, 0x29, 0x48, 0x2E, 0x46,
    0x2A, 0x46, 0x2D, 0x46, 0x28, 0x13, 0x0A, 0x07, 0x01, 0x09, 0x00, 0x0A,
    0x00, 0x01, 0x00, 0x10, 0x01, 0x17, 0x84, 0x00, 0x04, 0x0A, 0x01, 0x01,
    0x01, 0x00, 0x0A, 0x02, 0x01, 0x02, 0x00, 0x0A, 0x00, 0x01, 0x03, 0x10,
    0x01, 0x17, 0x84, 0x02, 0x04, 0x0A, 0x06, 0x01, 0x07, 0x00, 0x0A, 0x04,
    0x01, 0x08, 0x00, 0x0A, 0x04, 0x01, 0x05, 0x00, 0x0A, 0x05, 0x01, 0x06,
    0x00, 0x0A, 0x03, 0x01, 0x04, 0x10, 0x01, 0x17, 0x84, 0x20, 0x04, 0x0A,
    0x00, 0x02, 0x0A, 0x0B, 0x10, 0x01, 0x17, 0x84, 0x00, 0x04, 0x0A, 0x08,
    0x01, 0x0A, 0x00, 0x0A, 0x00, 0x03, 0x12, 0x11, 0x10, 0x18, 0x15, 0xFF,
    0x01, 0x17, 0x80, 0x00, 0x04, 0x0A, 0x09, 0x01, 0x0B, 0x00, 0x0A, 0x0D,
    0x02, 0x13, 0x14, 0x08, 0x15, 0xFF, 0x0A, 0x00, 0x01, 0x0C, 0x12, 0x3F,
    0xCA, 0xBB, 0x3C, 0x8B, 0xEF, 0xBC, 0x8B, 0xEF, 0x3F, 0xCA, 0xBB, 0x45,
    0x3A, 0x0C, 0xC5, 0xB8, 0xB2, 0x01, 0x17, 0x84, 0x00, 0x04, 0x0A, 0x0A,
    0x01, 0x0D, 0x02, 0x3F, 0xCA, 0xBB, 0x3C, 0x8B, 0xEF, 0xBC, 0x8B, 0xEF,
    0x3F, 0xCA, 0xBB, 0x45, 0x3A, 0x0C, 0xC5, 0xB8, 0xB2, 0x0A, 0x0C, 0x01,
    0x0F, 0x02, 0x3F, 0xCA, 0xBB, 0x3C, 0x8B, 0xEF, 0xBC, 0x8B, 0xEF, 0x3F,
    0xCA, 0xBB, 0x45, 0x3A, 0x0C, 0xC5, 0xB8, 0xB2, 0x0A, 0x0B, 0x01, 0x0E,
    0x02, 0x3F, 0xCA, 0xBB, 0x3C, 0x8B, 0xEF, 0xBC, 0x8B, 0xEF, 0x3F, 0xCA,
    0xBB, 0x45, 0x3A, 0x0C, 0xC5, 0xB8, 0xB2,
};

/* query -- MIME Be-query, == R_QueryIcon */
static const uint8_t tiku_icon_query[641] = {
    0x6E, 0x63, 0x69, 0x66, 0x0D, 0x03, 0x99, 0x66, 0x33, 0x02, 0x00, 0x06,
    0x02, 0xB8, 0x7F, 0xA1, 0x3B, 0x71, 0xAB, 0xBB, 0xC2, 0xA0, 0xB8, 0xBA,
    0x5D, 0x4B, 0x18, 0xA2, 0x49, 0x9B, 0x1D, 0x00, 0xFF, 0xCC, 0x99, 0xFF,
    0xBD, 0x87, 0x52, 0x02, 0x00, 0x06, 0x02, 0x3B, 0x93, 0xE4, 0xB9, 0x93,
    0xE4, 0x39, 0x93, 0xE4, 0x3B, 0x93, 0xE4, 0x49, 0xA8, 0x8A, 0x47, 0x9B,
    0x06, 0x7C, 0x99, 0x66, 0x33, 0xC0, 0xB7, 0x87, 0x59, 0x02, 0x00, 0x06,
    0x02, 0x37, 0xB8, 0xFE, 0x38, 0x79, 0x61, 0xBB, 0x32, 0x4B, 0x3A, 0x67,
    0x9B, 0x4A, 0x8E, 0x15, 0x48, 0x6E, 0x2B, 0x00, 0xC8, 0x8C, 0x51, 0xFF,
    0xFF, 0xCC, 0x99, 0x02, 0x00, 0x16, 0x02, 0x38, 0x00, 0x17, 0xB9, 0xFF,
    0xF7, 0x3A, 0x33, 0x30, 0x38, 0x33, 0x4F, 0x4A, 0x5E, 0xC6, 0x4A, 0x0F,
    0x65, 0x00, 0x67, 0xFF, 0xFF, 0x02, 0x00, 0x06, 0x02, 0xBB, 0x12, 0xA8,
    0x3A, 0x8F, 0x8C, 0xBA, 0x8F, 0x8C, 0xBB, 0x12, 0xA8, 0x4B, 0x34, 0x46,
    0x4A, 0xF0, 0x63, 0x00, 0x99, 0x66, 0x33, 0xFF, 0x68, 0x3A, 0x0E, 0x02,
    0x00, 0x06, 0x02, 0x3A, 0x0E, 0xD7, 0x3B, 0x6E, 0x12, 0xBB, 0x6E, 0x12,
    0x3A, 0x0E, 0xD7, 0x49, 0x97, 0xCE, 0x48, 0x60, 0xC5, 0x00, 0xFF, 0xE6,
    0xCE, 0xFF, 0xFF, 0xCC, 0x99, 0x02, 0x00, 0x06, 0x02, 0x3A, 0x46, 0xDE,
    0x3B, 0x49, 0xEC, 0xBB, 0x49, 0xEC, 0x3A, 0x46, 0xDE, 0x4A, 0x60, 0x61,
    0x4A, 0x4D, 0xE6, 0x00, 0xAD, 0x8A, 0x67, 0xFF, 0x7E, 0x4E, 0x1E, 0x02,
    0x00, 0x06, 0x02, 0x38, 0x0D, 0x6F, 0x3B, 0xDD, 0xB9, 0xBB, 0xDD, 0xB9,
    0x38, 0x0D, 0x6F, 0x49, 0x75, 0xC0, 0x4A, 0x03, 0x71, 0x00, 0xEE, 0xCE,
    0xAE, 0xFF, 0xCC, 0x99, 0x66, 0x03, 0x01, 0x00, 0x00, 0x04, 0x00, 0x75,
    0x02, 0x00, 0x06, 0x03, 0x38, 0x00, 0x17, 0xB9, 0xFF, 0xF7, 0x3A, 0x33,
    0x30, 0x38, 0x33, 0x4F, 0x4A, 0x5E, 0xC6, 0x4A, 0x0F, 0x65, 0x00, 0x4B,
    0x41, 0x16, 0xBD, 0xBA, 0xB0, 0x88, 0xFF, 0xFC, 0xF8, 0xE8, 0x03, 0x01,
    0x00, 0x00, 0x0D, 0x0A, 0x04, 0x2C, 0x40, 0x3C, 0x47, 0x3C, 0x4C, 0x2C,
    0x44, 0x0A, 0x06, 0x2A, 0x40, 0x2A, 0x4C, 0x42, 0x58, 0x5A, 0x40, 0x5A,
    0x36, 0x42, 0x2C, 0x0A, 0x04, 0x2A, 0x40, 0x42, 0x4C, 0x5A, 0x36, 0x42,
    0x2C, 0x0A, 0x06, 0xC6, 0x88, 0xBD, 0xF6, 0xC8, 0xA6, 0xBC, 0x05, 0xC0,
    0xAF, 0xB8, 0xB3, 0xB8, 0x6E, 0xBF, 0x95, 0xBA, 0x6C, 0xC0, 0x94, 0x42,
    0x34, 0x0A, 0x04, 0xC6, 0x88, 0xBD, 0xF6, 0xC0, 0x69, 0xC3, 0x92, 0xBA,
    0x6C, 0xC0, 0x94, 0x42, 0x34, 0x0A, 0x04, 0x42, 0x58, 0x5A, 0x40, 0x5A,
    0x36, 0x42, 0x4C, 0x0A, 0x06, 0x26, 0x32, 0x26, 0x4E, 0x42, 0x5C, 0x44,
    0x5A, 0x44, 0x3C, 0x28, 0x30, 0x0A, 0x04, 0x26, 0x32, 0x42, 0x3E, 0x44,
    0x3C, 0x28, 0x30, 0x0A, 0x04, 0x42, 0x5C, 0x44, 0x5A, 0x44, 0x3C, 0x42,
    0x3E, 0x0A, 0x04, 0x26, 0x4E, 0x42, 0x5C, 0x42, 0x3E, 0x26, 0x32, 0x0A,
    0x07, 0x42, 0x5E, 0x54, 0x5E, 0x56, 0x5C, 0x4B, 0x57, 0x62, 0x40, 0x5C,
    0x3E, 0x42, 0x3E, 0x0A, 0x09, 0x58, 0x54, 0x50, 0x50, 0x5C, 0x50, 0x54,
    0x4C, 0x60, 0x4C, 0x58, 0x48, 0x64, 0x48, 0x58, 0x42, 0x46, 0x54, 0x0A,
    0x05, 0x46, 0x45, 0x46, 0x36, 0x36, 0x2F, 0x36, 0x43, 0xC0, 0x58, 0xC3,
    0x3C, 0x14, 0x0A, 0x0A, 0x02, 0x0A, 0x0B, 0x20, 0x1C, 0x20, 0x0A, 0x09,
    0x01, 0x01, 0x30, 0x1C, 0x20, 0x01, 0x17, 0x84, 0x10, 0x04, 0x0A, 0x01,
    0x01, 0x02, 0x20, 0x1C, 0x20, 0x0A, 0x02, 0x01, 0x03, 0x20, 0x1C, 0x20,
    0x0A, 0x03, 0x01, 0x04, 0x20, 0x1C, 0x20, 0x0A, 0x05, 0x01, 0x05, 0x20,
    0x1C, 0x20, 0x0A, 0x0C, 0x01, 0x0C, 0x30, 0x28, 0x14, 0x01, 0x17, 0x84,
    0x10, 0x04, 0x0A, 0x0B, 0x01, 0x0C, 0x20, 0x28, 0x14, 0x0A, 0x0C, 0x01,
    0x0C, 0x30, 0x24, 0x18, 0x01, 0x17, 0x84, 0x10, 0x04, 0x0A, 0x0B, 0x01,
    0x0C, 0x20, 0x24, 0x18, 0x0A, 0x0C, 0x01, 0x0C, 0x30, 0x20, 0x1C, 0x01,
    0x17, 0x84, 0x10, 0x04, 0x0A, 0x0B, 0x01, 0x0C, 0x20, 0x20, 0x1C, 0x0A,
    0x0C, 0x01, 0x0C, 0x30, 0x1C, 0x20, 0x01, 0x17, 0x84, 0x10, 0x04, 0x0A,
    0x0B, 0x01, 0x0C, 0x20, 0x1C, 0x20, 0x0A, 0x09, 0x01, 0x06, 0x30, 0x1C,
    0x20, 0x01, 0x17, 0x84, 0x00, 0x04, 0x0A, 0x06, 0x01, 0x07, 0x20, 0x1C,
    0x20, 0x0A, 0x07, 0x01, 0x08, 0x20, 0x1C, 0x20, 0x0A, 0x08, 0x01, 0x09,
    0x20, 0x1C, 0x20, 0x0A, 0x00, 0x01, 0x00, 0x20, 0x1E, 0x24, 0x0A, 0x0C,
    0x01, 0x00, 0x20, 0x1C, 0x20,
};

/* application -- R_AppIcon, registered for B_APP_MIME_TYPE */
static const uint8_t tiku_icon_application[588] = {
    0x6E, 0x63, 0x69, 0x66, 0x0E, 0x05, 0x00, 0x02, 0x00, 0x06, 0x02, 0x3C,
    0x43, 0xC6, 0xB9, 0xE5, 0xE2, 0x3A, 0x85, 0xA8, 0x3C, 0xEE, 0x41, 0x42,
    0x68, 0xF4, 0x4A, 0x44, 0x59, 0x00, 0xC6, 0xD7, 0xF5, 0xFF, 0x6B, 0x94,
    0xDD, 0x03, 0xEC, 0x66, 0x66, 0x02, 0x00, 0x06, 0x02, 0x3B, 0x2B, 0x47,
    0xBB, 0x18, 0x65, 0x3D, 0x0F, 0xA5, 0x3D, 0x22, 0x51, 0x48, 0x29, 0x70,
    0x46, 0xCA, 0x19, 0x00, 0xFF, 0xEC, 0x4B, 0xFF, 0xF0, 0xA5, 0x06, 0x02,
    0x00, 0x06, 0x02, 0x3B, 0x30, 0x49, 0x39, 0x6B, 0x0A, 0xBA, 0x90, 0x83,
    0x3C, 0x64, 0x6E, 0x4A, 0x10, 0x15, 0x43, 0x29, 0x95, 0x00, 0xFF, 0xFF,
    0xFF, 0xFF, 0xFF, 0xF2, 0x89, 0x02, 0x00, 0x06, 0x02, 0x3C, 0x71, 0xE3,
    0x3A, 0x0C, 0x78, 0xBA, 0x15, 0xE4, 0x3C, 0x7D, 0x21, 0x49, 0x05, 0x55,
    0x49, 0x45, 0x57, 0x00, 0xE3, 0xED, 0xFF, 0xFF, 0x9E, 0xC2, 0xFF, 0x03,
    0xFF, 0xAC, 0xAC, 0x02, 0x00, 0x06, 0x02, 0x3A, 0x1D, 0xA6, 0x39, 0x3F,
    0x04, 0xBB, 0xB5, 0xBC, 0x3C, 0x6B, 0x07, 0x4A, 0xEA, 0x36, 0x48, 0x09,
    0x11, 0x00, 0xF9, 0x9B, 0x05, 0xFF, 0xFC, 0xB2, 0x3D, 0x03, 0x00, 0x3C,
    0xB0, 0x02, 0x00, 0x06, 0x02, 0x3C, 0x0A, 0xE6, 0x3B, 0x39, 0x27, 0xBC,
    0x61, 0x1E, 0x3D, 0x03, 0xFF, 0x4C, 0x25, 0x62, 0x4A, 0x1A, 0x96, 0x00,
    0xA3, 0x04, 0x3C, 0xFF, 0xFF, 0x90, 0xAF, 0x03, 0xC9, 0x3B, 0x3B, 0x03,
    0x0D, 0x29, 0x64, 0x02, 0x00, 0x06, 0x02, 0xBD, 0x49, 0x8B, 0x3E, 0x11,
    0x59, 0xBF, 0x21, 0x9B, 0xBE, 0x7D, 0x2F, 0x4C, 0x1B, 0x8F, 0x4A, 0x33,
    0x13, 0x00, 0xBD, 0x0F, 0x0F, 0xFF, 0xE9, 0x84, 0x84, 0x04, 0x01, 0x74,
    0x10, 0x0A, 0x08, 0x32, 0x5E, 0x39, 0x5E, 0x41, 0x56, 0x4E, 0x5E, 0x55,
    0x5E, 0x60, 0x52, 0x58, 0x4E, 0x3E, 0x51, 0x0A, 0x06, 0x30, 0x2C, 0x30,
    0x3E, 0x40, 0x45, 0x4C, 0x3C, 0x4C, 0x2A, 0x3C, 0x25, 0x0A, 0x04, 0x30,
    0x2C, 0x30, 0x3E, 0x40, 0x45, 0x40, 0x32, 0x0A, 0x04, 0x30, 0x2C, 0x40,
    0x32, 0x4C, 0x2A, 0x3C, 0x25, 0x0A, 0x04, 0x40, 0x32, 0x40, 0x45, 0x4C,
    0x3C, 0x4C, 0x2A, 0x0A, 0x03, 0x38, 0x42, 0x3C, 0x4D, 0x3C, 0x44, 0x0A,
    0x06, 0x22, 0x42, 0x22, 0x54, 0x32, 0x5C, 0x3E, 0x51, 0x3E, 0x40, 0x2E,
    0x3A, 0x0A, 0x04, 0x22, 0x42, 0x22, 0x54, 0x32, 0x5C, 0x32, 0x49, 0x0A,
    0x04, 0x22, 0x42, 0x32, 0x49, 0x3E, 0x40, 0x2E, 0x3A, 0x0A, 0x04, 0x32,
    0x49, 0x32, 0x5C, 0x3E, 0x51, 0x3E, 0x40, 0x0A, 0x06, 0x3E, 0x42, 0x3E,
    0x54, 0x4E, 0x5C, 0x5A, 0x50, 0x5A, 0x3F, 0x4A, 0x39, 0x0A, 0x06, 0xC7,
    0x85, 0xBF, 0x40, 0xC3, 0x54, 0xC2, 0x76, 0x4E, 0x49, 0x5A, 0x3F, 0x4A,
    0x39, 0xC3, 0x91, 0xBD, 0x6F, 0x0A, 0x04, 0x3E, 0x42, 0xC3, 0x54, 0xC2,
    0x76, 0xC7, 0x85, 0xBF, 0x40, 0xC3, 0x91, 0xBD, 0x6F, 0x0A, 0x05, 0x41,
    0x51, 0xC0, 0x8B, 0xC8, 0x83, 0x4E, 0x5C, 0x4E, 0x49, 0xC3, 0x5D, 0xC2,
    0x7A, 0x0A, 0x05, 0x3E, 0x42, 0x3E, 0x54, 0xC0, 0x8B, 0xC8, 0x83, 0x41,
    0x51, 0xC3, 0x5D, 0xC2, 0x7A, 0x0A, 0x04, 0x4E, 0x49, 0x4E, 0x5C, 0x5A,
    0x50, 0x5A, 0x3E, 0x13, 0x0A, 0x0D, 0x01, 0x00, 0x00, 0x0A, 0x00, 0x01,
    0x06, 0x18, 0x15, 0xFF, 0x01, 0x17, 0x84, 0x00, 0x04, 0x0A, 0x00, 0x01,
    0x06, 0x18, 0x00, 0x15, 0x01, 0x17, 0x86, 0x00, 0x04, 0x0A, 0x01, 0x01,
    0x07, 0x00, 0x0A, 0x08, 0x01, 0x09, 0x00, 0x0A, 0x0B, 0x01, 0x05, 0x20,
    0x20, 0x21, 0x0A, 0x05, 0x01, 0x08, 0x00, 0x0A, 0x00, 0x01, 0x0A, 0x18,
    0x15, 0xFF, 0x01, 0x17, 0x84, 0x00, 0x04, 0x0A, 0x00, 0x01, 0x0A, 0x18,
    0x00, 0x15, 0x01, 0x17, 0x86, 0x00, 0x04, 0x0A, 0x02, 0x01, 0x0D, 0x00,
    0x0A, 0x0A, 0x01, 0x0E, 0x00, 0x0A, 0x09, 0x02, 0x04, 0x0F, 0x00, 0x0A,
    0x06, 0x01, 0x0B, 0x00, 0x0A, 0x0C, 0x01, 0x0C, 0x00, 0x0A, 0x00, 0x01,
    0x01, 0x18, 0x15, 0xFF, 0x01, 0x17, 0x84, 0x00, 0x04, 0x0A, 0x00, 0x01,
    0x01, 0x18, 0x00, 0x15, 0x01, 0x17, 0x86, 0x00, 0x04, 0x0A, 0x03, 0x01,
    0x02, 0x00, 0x0A, 0x04, 0x01, 0x03, 0x00, 0x0A, 0x07, 0x01, 0x04, 0x00,
};

/* executable -- MIME be-elfexecutable */
static const uint8_t tiku_icon_executable[574] = {
    0x6E, 0x63, 0x69, 0x66, 0x0E, 0x05, 0x00, 0x02, 0x00, 0x06, 0x02, 0x3C,
    0x43, 0xC6, 0xB9, 0xE5, 0xE2, 0x3A, 0x85, 0xA8, 0x3C, 0xEE, 0x41, 0x42,
    0x68, 0xF4, 0x4A, 0x44, 0x59, 0x00, 0xC6, 0xD7, 0xF5, 0xFF, 0x6B, 0x94,
    0xDD, 0x03, 0xEC, 0x66, 0x66, 0x02, 0x00, 0x06, 0x02, 0x3B, 0x2B, 0x47,
    0xBB, 0x18, 0x65, 0x3D, 0x0F, 0xA5, 0x3D, 0x22, 0x51, 0x48, 0x29, 0x70,
    0x46, 0xCA, 0x19, 0x00, 0xFF, 0xEC, 0x4B, 0xFF, 0xF0, 0xA5, 0x06, 0x02,
    0x00, 0x06, 0x02, 0x3B, 0x30, 0x49, 0x39, 0x6B, 0x0A, 0xBA, 0x90, 0x83,
    0x3C, 0x64, 0x6E, 0x4A, 0x10, 0x15, 0x43, 0x29, 0x95, 0x00, 0xFF, 0xFF,
    0xFF, 0xFF, 0xFF, 0xF2, 0x89, 0x02, 0x00, 0x06, 0x02, 0x3C, 0x71, 0xE3,
    0x3A, 0x0C, 0x78, 0xBA, 0x15, 0xE4, 0x3C, 0x7D, 0x21, 0x49, 0x05, 0x55,
    0x49, 0x45, 0x57, 0x00, 0xE3, 0xED, 0xFF, 0xFF, 0x9E, 0xC2, 0xFF, 0x03,
    0xFF, 0xAC, 0xAC, 0x02, 0x00, 0x06, 0x02, 0x3A, 0x1D, 0xA6, 0x39, 0x3F,
    0x04, 0xBB, 0xB5, 0xBC, 0x3C, 0x6B, 0x07, 0x4A, 0xEA, 0x36, 0x48, 0x09,
    0x11, 0x00, 0xF9, 0x9B, 0x05, 0xFF, 0xFC, 0xB2, 0x3D, 0x03, 0x00, 0x3C,
    0xB0, 0x02, 0x00, 0x06, 0x02, 0x3C, 0x0A, 0xE6, 0x3B, 0x39, 0x27, 0xBC,
    0x61, 0x1E, 0x3D, 0x03, 0xFF, 0x4C, 0x25, 0x62, 0x4A, 0x1A, 0x96, 0x00,
    0xA3, 0x04, 0x3C, 0xFF, 0xFF, 0x90, 0xAF, 0x03, 0xC9, 0x3B, 0x3B, 0x03,
    0x0D, 0x29, 0x64, 0x02, 0x00, 0x06, 0x02, 0xBD, 0x49, 0x8B, 0x3E, 0x11,
    0x59, 0xBF, 0x21, 0x9B, 0xBE, 0x7D, 0x2F, 0x4C, 0x1B, 0x8F, 0x4A, 0x33,
    0x13, 0x00, 0xBD, 0x0F, 0x0F, 0xFF, 0xE9, 0x84, 0x84, 0x04, 0x01, 0x74,
    0x10, 0x0A, 0x08, 0x32, 0x5E, 0x39, 0x5E, 0x41, 0x56, 0x4E, 0x5E, 0x55,
    0x5E, 0x60, 0x52, 0x58, 0x4E, 0x3E, 0x51, 0x0A, 0x06, 0x30, 0x2C, 0x30,
    0x3E, 0x40, 0x45, 0x4C, 0x3C, 0x4C, 0x2A, 0x3C, 0x25, 0x0A, 0x04, 0x30,
    0x2C, 0x30, 0x3E, 0x40, 0x45, 0x40, 0x32, 0x0A, 0x04, 0x30, 0x2C, 0x40,
    0x32, 0x4C, 0x2A, 0x3C, 0x25, 0x0A, 0x04, 0x40, 0x32, 0x40, 0x45, 0x4C,
    0x3C, 0x4C, 0x2A, 0x0A, 0x03, 0x38, 0x42, 0x3C, 0x4D, 0x3C, 0x44, 0x0A,
    0x06, 0x22, 0x42, 0x22, 0x54, 0x32, 0x5C, 0x3E, 0x51, 0x3E, 0x40, 0x2E,
    0x3A, 0x0A, 0x04, 0x22, 0x42, 0x22, 0x54, 0x32, 0x5C, 0x32, 0x49, 0x0A,
    0x04, 0x22, 0x42, 0x32, 0x49, 0x3E, 0x40, 0x2E, 0x3A, 0x0A, 0x04, 0x32,
    0x49, 0x32, 0x5C, 0x3E, 0x51, 0x3E, 0x40, 0x0A, 0x06, 0x3E, 0x42, 0x3E,
    0x54, 0x4E, 0x5C, 0x5A, 0x50, 0x5A, 0x3F, 0x4A, 0x39, 0x0A, 0x06, 0xC7,
    0x85, 0xBF, 0x40, 0xC3, 0x54, 0xC2, 0x76, 0x4E, 0x49, 0x5A, 0x3F, 0x4A,
    0x39, 0xC3, 0x91, 0xBD, 0x6F, 0x0A, 0x04, 0x3E, 0x42, 0xC3, 0x54, 0xC2,
    0x76, 0xC7, 0x85, 0xBF, 0x40, 0xC3, 0x91, 0xBD, 0x6F, 0x0A, 0x05, 0x41,
    0x51, 0xC0, 0x8B, 0xC8, 0x83, 0x4E, 0x5C, 0x4E, 0x49, 0xC3, 0x5D, 0xC2,
    0x7A, 0x0A, 0x05, 0x3E, 0x42, 0x3E, 0x54, 0xC0, 0x8B, 0xC8, 0x83, 0x41,
    0x51, 0xC3, 0x5D, 0xC2, 0x7A, 0x0A, 0x04, 0x4E, 0x49, 0x4E, 0x5C, 0x5A,
    0x50, 0x5A, 0x3E, 0x12, 0x0A, 0x0D, 0x01, 0x00, 0x00, 0x0A, 0x00, 0x01,
    0x06, 0x18, 0x15, 0xFF, 0x01, 0x17, 0x84, 0x00, 0x04, 0x0A, 0x00, 0x01,
    0x06, 0x18, 0x00, 0x15, 0x01, 0x17, 0x86, 0x00, 0x04, 0x0A, 0x01, 0x01,
    0x07, 0x00, 0x0A, 0x08, 0x01, 0x09, 0x00, 0x0A, 0x0B, 0x01, 0x05, 0x20,
    0x20, 0x21, 0x0A, 0x05, 0x01, 0x08, 0x00, 0x0A, 0x00, 0x01, 0x0A, 0x10,
    0x01, 0x17, 0x84, 0x00, 0x04, 0x0A, 0x02, 0x01, 0x0D, 0x00, 0x0A, 0x0A,
    0x01, 0x0E, 0x00, 0x0A, 0x09, 0x02, 0x04, 0x0F, 0x00, 0x0A, 0x06, 0x01,
    0x0B, 0x00, 0x0A, 0x0C, 0x01, 0x0C, 0x00, 0x0A, 0x00, 0x01, 0x01, 0x18,
    0x15, 0xFF, 0x01, 0x17, 0x84, 0x00, 0x04, 0x0A, 0x00, 0x01, 0x01, 0x18,
    0x00, 0x15, 0x01, 0x17, 0x86, 0x00, 0x04, 0x0A, 0x03, 0x01, 0x02, 0x00,
    0x0A, 0x04, 0x01, 0x03, 0x00, 0x0A, 0x07, 0x01, 0x04, 0x00,
};

/* query_template -- MIME be-querytemplate, == R_QueryTemplateIcon */
static const uint8_t tiku_icon_query_template[770] = {
    0x6E, 0x63, 0x69, 0x66, 0x11, 0x04, 0x00, 0x75, 0x04, 0x00, 0x75, 0x03,
    0x01, 0x00, 0x00, 0x03, 0x82, 0x73, 0x50, 0x02, 0x00, 0x06, 0x03, 0x39,
    0x2A, 0xCA, 0x39, 0x2A, 0xC8, 0xB9, 0x2A, 0xC8, 0x39, 0x2A, 0xCA, 0x4A,
    0xA5, 0xE8, 0x4A, 0x8F, 0xB6, 0x00, 0xF7, 0xF3, 0xDC, 0x3F, 0xFF, 0xFF,
    0xFF, 0xFF, 0xD7, 0xC3, 0x85, 0x02, 0x00, 0x06, 0x02, 0xB8, 0x7F, 0xA1,
    0x3B, 0x71, 0xAB, 0xBB, 0xC2, 0xA0, 0xB8, 0xBA, 0x5D, 0x4B, 0x18, 0xA2,
    0x49, 0x9B, 0x1D, 0x00, 0xFF, 0xCC, 0x99, 0xFF, 0xBD, 0x87, 0x52, 0x02,
    0x00, 0x06, 0x02, 0x3B, 0x93, 0xE4, 0xB9, 0x93, 0xE4, 0x39, 0x93, 0xE4,
    0x3B, 0x93, 0xE4, 0x49, 0xA8, 0x8A, 0x47, 0x9B, 0x06, 0x7C, 0x99, 0x66,
    0x33, 0xC0, 0xB7, 0x87, 0x59, 0x02, 0x00, 0x06, 0x02, 0x37, 0xB8, 0xFE,
    0x38, 0x79, 0x61, 0xBB, 0x32, 0x4B, 0x3A, 0x67, 0x9B, 0x4A, 0x8E, 0x15,
    0x48, 0x6E, 0x2B, 0x00, 0xC8, 0x8C, 0x51, 0xFF, 0xFF, 0xCC, 0x99, 0x02,
    0x00, 0x16, 0x02, 0x38, 0x00, 0x17, 0xB9, 0xFF, 0xF7, 0x3A, 0x33, 0x30,
    0x38, 0x33, 0x4F, 0x4A, 0x5E, 0xC6, 0x4A, 0x0F, 0x65, 0x00, 0x67, 0xFF,
    0xFF, 0x02, 0x00, 0x06, 0x02, 0xBB, 0x12, 0xA8, 0x3A, 0x8F, 0x8C, 0xBA,
    0x8F, 0x8C, 0xBB, 0x12, 0xA8, 0x4B, 0x34, 0x46, 0x4A, 0xF0, 0x63, 0x00,
    0x99, 0x66, 0x33, 0xFF, 0x68, 0x3A, 0x0E, 0x02, 0x00, 0x06, 0x02, 0x3A,
    0x0E, 0xD7, 0x3B, 0x6E, 0x12, 0xBB, 0x6E, 0x12, 0x3A, 0x0E, 0xD7, 0x49,
    0x97, 0xCE, 0x48, 0x60, 0xC5, 0x00, 0xFF, 0xE6, 0xCE, 0xFF, 0xFF, 0xCC,
    0x99, 0x02, 0x00, 0x06, 0x02, 0x3A, 0x46, 0xDE, 0x3B, 0x49, 0xEC, 0xBB,
    0x49, 0xEC, 0x3A, 0x46, 0xDE, 0x4A, 0x60, 0x61, 0x4A, 0x4D, 0xE6, 0x00,
    0xAD, 0x8A, 0x67, 0xFF, 0x7E, 0x4E, 0x1E, 0x02, 0x00, 0x06, 0x02, 0x38,
    0x0D, 0x6F, 0x3B, 0xDD, 0xB9, 0xBB, 0xDD, 0xB9, 0x38, 0x0D, 0x6F, 0x49,
    0x75, 0xC0, 0x4A, 0x03, 0x71, 0x00, 0xEE, 0xCE, 0xAE, 0xFF, 0xCC, 0x99,
    0x66, 0x03, 0x01, 0x00, 0x00, 0x02, 0x00, 0x06, 0x03, 0x38, 0x00, 0x17,
    0xB9, 0xFF, 0xF7, 0x3A, 0x33, 0x30, 0x38, 0x33, 0x4F, 0x4A, 0x5E, 0xC6,
    0x4A, 0x0F, 0x65, 0x00, 0x4B, 0x41, 0x16, 0xBD, 0xBA, 0xB0, 0x88, 0xFF,
    0xFC, 0xF8, 0xE8, 0x03, 0x01, 0x00, 0x00, 0x03, 0x99, 0x65, 0x33, 0x0F,
    0x0A, 0x0C, 0x42, 0x5E, 0x54, 0x5E, 0x56, 0x5C, 0x4B, 0x57, 0xC5, 0x53,
    0x54, 0x52, 0x54, 0x60, 0x46, 0x5C, 0x44, 0x5C, 0xC2, 0x23, 0x62, 0x40,
    0x5C, 0x3E, 0x42, 0x3E, 0x06, 0x07, 0xEE, 0x3F, 0xC5, 0xC0, 0xBC, 0x69,
    0xC1, 0xB7, 0xC0, 0x0B, 0xC1, 0xB7, 0xC0, 0x0B, 0x44, 0x42, 0x44, 0x46,
    0x4A, 0x41, 0x4A, 0x41, 0x52, 0x45, 0xC6, 0x21, 0x4F, 0xC6, 0x1F, 0x4F,
    0xC6, 0x21, 0x4F, 0x5A, 0x45, 0x5A, 0x45, 0xCA, 0x1E, 0x45, 0x54, 0x38,
    0xCA, 0xE1, 0xBE, 0x24, 0x52, 0x37, 0x06, 0x04, 0xBE, 0x4E, 0x3D, 0xC5,
    0xC0, 0xBC, 0x69, 0x4E, 0x39, 0xC5, 0xC0, 0xBC, 0x69, 0x45, 0x41, 0x45,
    0x41, 0xC1, 0x5E, 0xC0, 0xA6, 0x44, 0x46, 0x06, 0x06, 0xFA, 0x0F, 0xC5,
    0xC0, 0xBC, 0x69, 0xC1, 0xB7, 0xC0, 0x0B, 0x4A, 0x41, 0x48, 0x40, 0x52,
    0x45, 0xC6, 0x21, 0x4F, 0xC6, 0x1F, 0x4F, 0xC6, 0x21, 0x4F, 0x5A, 0x45,
    0x5A, 0x45, 0xCA, 0x1E, 0x45, 0x54, 0x38, 0xCA, 0xE1, 0xBE, 0x24, 0x52,
    0x37, 0x02, 0x04, 0xC1, 0xB7, 0xC0, 0x0B, 0x47, 0x41, 0xC1, 0xB7, 0xC0,
    0x0B, 0x4A, 0x41, 0x48, 0x40, 0x52, 0x45, 0xC6, 0x21, 0x4F, 0xC6, 0x1F,
    0x4F, 0xC6, 0x21, 0x4F, 0x49, 0x42, 0x51, 0x47, 0x49, 0x42, 0x0A, 0x06,
    0x2A, 0x40, 0x2A, 0x4C, 0x42, 0x58, 0x5A, 0x40, 0x5A, 0x36, 0x42, 0x2C,
    0x0A, 0x04, 0x2A, 0x40, 0x42, 0x4C, 0x5A, 0x36, 0x42, 0x2C, 0x0A, 0x06,
    0xC6, 0x88, 0xBD, 0xF6, 0xC8, 0xA6, 0xBC, 0x05, 0xC0, 0xAF, 0xB8, 0xB3,
    0xB8, 0x6E, 0xBF, 0x95, 0xBA, 0x6C, 0xC0, 0x94, 0x42, 0x34, 0x0A, 0x04,
    0xC6, 0x88, 0xBD, 0xF6, 0xC0, 0x69, 0xC3, 0x92, 0xBA, 0x6C, 0xC0, 0x94,
    0x42, 0x34, 0x0A, 0x04, 0x42, 0x58, 0x5A, 0x40, 0x5A, 0x36, 0x42, 0x4C,
    0x0A, 0x06, 0x26, 0x32, 0x26, 0x4E, 0x42, 0x5C, 0x44, 0x5A, 0x44, 0x3C,
    0x28, 0x30, 0x0A, 0x04, 0x26, 0x32, 0x42, 0x3E, 0x44, 0x3C, 0x28, 0x30,
    0x0A, 0x04, 0x42, 0x5C, 0x44, 0x5A, 0x44, 0x3C, 0x42, 0x3E, 0x0A, 0x04,
    0x26, 0x4E, 0x42, 0x5C, 0x42, 0x3E, 0x26, 0x32, 0x0A, 0x04, 0x2C, 0x40,
    0x3C, 0x47, 0x3C, 0x4C, 0x2C, 0x44, 0x10, 0x0A, 0x00, 0x01, 0x00, 0x20,
    0x1C, 0x20, 0x0A, 0x0D, 0x01, 0x05, 0x30, 0x1C, 0x20, 0x01, 0x17, 0x84,
    0x10, 0x04, 0x0A, 0x05, 0x01, 0x06, 0x20, 0x1C, 0x20, 0x0A, 0x06, 0x01,
    0x07, 0x20, 0x1C, 0x20, 0x0A, 0x07, 0x01, 0x08, 0x20, 0x1C, 0x20, 0x0A,
    0x09, 0x01, 0x09, 0x20, 0x1C, 0x20, 0x0A, 0x02, 0x01, 0x01, 0x30, 0x1C,
    0x20, 0x01, 0x17, 0x84, 0x00, 0x04, 0x0A, 0x03, 0x01, 0x02, 0x20, 0x1C,
    0x20, 0x0A, 0x04, 0x01, 0x03, 0x20, 0x1C, 0x20, 0x0A, 0x02, 0x01, 0x04,
    0x20, 0x1C, 0x20, 0x0A, 0x0D, 0x01, 0x0A, 0x30, 0x1C, 0x20, 0x01, 0x17,
    0x84, 0x00, 0x04, 0x0A, 0x0A, 0x01, 0x0B, 0x20, 0x1C, 0x20, 0x0A, 0x0B,
    0x01, 0x0C, 0x20, 0x1C, 0x20, 0x0A, 0x0C, 0x01, 0x0D, 0x20, 0x1C, 0x20,
    0x0A, 0x10, 0x01, 0x0E, 0x20, 0x1E, 0x24, 0x0A, 0x0F, 0x01, 0x0E, 0x20,
    0x1C, 0x20,
};

/* text_file -- MIME supertype text */
static const uint8_t tiku_icon_text_file[339] = {
    0x6E, 0x63, 0x69, 0x66, 0x05, 0x02, 0x00, 0x06, 0x03, 0x38, 0xD2, 0xF7,
    0x3C, 0xD1, 0x63, 0xBF, 0x82, 0xB2, 0x3B, 0x84, 0xA9, 0x4B, 0x88, 0x50,
    0x48, 0x70, 0xC9, 0x00, 0xFF, 0xEF, 0xA5, 0xBD, 0xFF, 0xFC, 0xC0, 0xFF,
    0xFF, 0xF8, 0x90, 0x05, 0x01, 0x02, 0x01, 0x06, 0x02, 0x3E, 0x49, 0x24,
    0x00, 0x00, 0x00, 0x00, 0x00, 0x00, 0x3C, 0xAA, 0xAA, 0x49, 0x40, 0x00,
    0x4A, 0x30, 0x00, 0xFF, 0xFF, 0xFC, 0xC0, 0x7C, 0xF1, 0xB7, 0x06, 0x04,
    0x01, 0x92, 0x02, 0x00, 0x16, 0x02, 0x3A, 0x55, 0xA6, 0xBA, 0xC2, 0x29,
    0x3F, 0x0D, 0xA3, 0x3E, 0x95, 0x86, 0x46, 0xC2, 0xEB, 0x47, 0xA1, 0xD6,
    0x00, 0x01, 0xFF, 0x9E, 0x0B, 0x06, 0x06, 0xAE, 0x0B, 0xB4, 0x0B, 0xBF,
    0x4D, 0x33, 0xC3, 0xAF, 0xB7, 0x5D, 0xC1, 0x73, 0xBD, 0xEF, 0xC6, 0x07,
    0xC1, 0x3E, 0xC8, 0x04, 0xCA, 0x28, 0xBD, 0x82, 0xC1, 0x18, 0xB9, 0x20,
    0xC5, 0x1B, 0xBB, 0x40, 0xBF, 0x07, 0xB8, 0x08, 0x3A, 0xB6, 0xBC, 0x06,
    0x05, 0xAE, 0x02, 0xB5, 0x7D, 0x3E, 0xB9, 0xB9, 0xC3, 0xEF, 0xB7, 0xBB,
    0x44, 0xBB, 0xB7, 0x51, 0xBD, 0x75, 0xC9, 0x36, 0xCA, 0x8E, 0xC1, 0xB1,
    0x40, 0x2F, 0x0A, 0x09, 0x3B, 0x59, 0x3D, 0x5B, 0xBF, 0xCD, 0xC9, 0x3E,
    0x45, 0x5B, 0xC5, 0x16, 0xC5, 0xF1, 0x60, 0x46, 0x5B, 0x43, 0x5D, 0x45,
    0x44, 0x51, 0x0A, 0x04, 0x5A, 0x42, 0x5E, 0x3F, 0x5A, 0x3D, 0x57, 0x40,
    0x08, 0x02, 0x2E, 0x40, 0xBD, 0xB5, 0x33, 0x08, 0x02, 0x31, 0x42, 0xBE,
    0x34, 0xBC, 0x03, 0x08, 0x02, 0x34, 0x44, 0xC0, 0xE5, 0xBB, 0x51, 0x08,
    0x02, 0x37, 0x46, 0xC0, 0xD8, 0xBD, 0x75, 0x08, 0x02, 0x3A, 0x48, 0xC2,
    0x70, 0xBD, 0xB5, 0x08, 0x02, 0x3D, 0x4A, 0x4C, 0xBD, 0x82, 0x08, 0x02,
    0x40, 0x4C, 0xC4, 0x08, 0xBF, 0xE6, 0x08, 0x0A, 0x03, 0x02, 0x02, 0x03,
    0x00, 0x0A, 0x01, 0x01, 0x01, 0x10, 0x01, 0x17, 0x84, 0x00, 0x04, 0x0A,
    0x02, 0x01, 0x01, 0x00, 0x0A, 0x01, 0x01, 0x00, 0x10, 0x01, 0x17, 0x84,
    0x00, 0x04, 0x0A, 0x00, 0x01, 0x00, 0x00, 0x0A, 0x04, 0x04, 0x06, 0x04,
    0x08, 0x0A, 0x18, 0x15, 0xFF, 0x01, 0x17, 0x81, 0x00, 0x04, 0x0A, 0x04,
    0x04, 0x06, 0x04, 0x08, 0x0A, 0x18, 0x00, 0x15, 0x01, 0x17, 0x82, 0x00,
    0x04, 0x0A, 0x04, 0x03, 0x09, 0x07, 0x05, 0x18, 0x15, 0xFF, 0x01, 0x17,
    0x81, 0x00, 0x04,
};

/* generic_app_file -- MIME supertype application */
static const uint8_t tiku_icon_generic_app_file[215] = {
    0x6E, 0x63, 0x69, 0x66, 0x04, 0x02, 0x00, 0x06, 0x03, 0x39, 0x9E, 0x0F,
    0x3D, 0x9C, 0x0A, 0xBF, 0x82, 0xB2, 0x3B, 0x84, 0xA9, 0x4B, 0x88, 0x50,
    0x48, 0x70, 0xC9, 0x00, 0xA5, 0xB1, 0xFF, 0xBC, 0xEA, 0xF1, 0xFF, 0xFF,
    0xB3, 0xB8, 0xFF, 0x05, 0x01, 0x02, 0x01, 0x06, 0x02, 0x3E, 0x49, 0x24,
    0x00, 0x00, 0x00, 0x00, 0x00, 0x00, 0x3C, 0xAA, 0xAA, 0x49, 0x40, 0x00,
    0x4A, 0x30, 0x00, 0x7C, 0x89, 0x6E, 0xFF, 0xFF, 0xC0, 0xD5, 0xFF, 0x04,
    0x01, 0x92, 0x04, 0x06, 0x06, 0xAE, 0x0B, 0xB4, 0x0B, 0xBF, 0x4D, 0x33,
    0xC3, 0xAE, 0xB7, 0x5C, 0xC1, 0x72, 0xBD, 0xEF, 0xC6, 0x06, 0xC1, 0x3E,
    0xC8, 0x04, 0xCA, 0x27, 0xBD, 0x82, 0xC1, 0x17, 0xB9, 0x20, 0xC5, 0x1B,
    0xBB, 0x40, 0xBF, 0x06, 0xB8, 0x07, 0x3A, 0xB6, 0xBC, 0x06, 0x05, 0xAE,
    0x02, 0xB5, 0x7D, 0x3E, 0xB9, 0xB9, 0xC3, 0xEF, 0xB7, 0xBB, 0x44, 0xBB,
    0xB7, 0x51, 0xBD, 0x75, 0xC9, 0x36, 0xCA, 0x8D, 0xC1, 0xB0, 0x40, 0x2F,
    0x0A, 0x09, 0x3B, 0x59, 0x3D, 0x5B, 0xBF, 0xCD, 0xC9, 0x3D, 0x45, 0x5B,
    0xC5, 0x16, 0xC5, 0xF0, 0x60, 0x46, 0x5B, 0x43, 0x5D, 0x45, 0x44, 0x51,
    0x0A, 0x04, 0x5A, 0x42, 0x5E, 0x3F, 0x5A, 0x3D, 0x57, 0x40, 0x05, 0x0A,
    0x03, 0x02, 0x02, 0x03, 0x00, 0x0A, 0x01, 0x01, 0x01, 0x10, 0x01, 0x17,
    0x84, 0x00, 0x04, 0x0A, 0x02, 0x01, 0x01, 0x00, 0x0A, 0x01, 0x01, 0x00,
    0x10, 0x01, 0x17, 0x84, 0x00, 0x04, 0x0A, 0x00, 0x01, 0x00, 0x00,
};

/* package -- MIME haiku-package */
static const uint8_t tiku_icon_package[1106] = {
    0x6E, 0x63, 0x69, 0x66, 0x0D, 0x03, 0x01, 0x00, 0x00, 0x02, 0x00, 0x06,
    0x02, 0x3C, 0xC7, 0xEE, 0x38, 0x9B, 0xC0, 0xBA, 0x16, 0x57, 0x3E, 0x39,
    0xB0, 0x49, 0x77, 0xC8, 0x42, 0xAD, 0xC7, 0x00, 0xFF, 0xF8, 0xEA, 0xFF,
    0xF5, 0xDE, 0xAC, 0x02, 0x00, 0x06, 0x02, 0x3C, 0x96, 0x32, 0x3A, 0x4D,
    0x3F, 0xBA, 0xFC, 0x01, 0x3D, 0x5A, 0x97, 0x4B, 0x57, 0xA5, 0x49, 0x84,
    0x4D, 0x00, 0x98, 0x3F, 0x04, 0xFF, 0xE6, 0xC2, 0x76, 0x02, 0x00, 0x06,
    0x02, 0x3A, 0x49, 0x24, 0x00, 0x00, 0x00, 0x00, 0x00, 0x00, 0x40, 0x00,
    0x00, 0x47, 0x00, 0x00, 0x00, 0x00, 0x00, 0x00, 0xFF, 0xEF, 0xCE, 0xFF,
    0xFF, 0xD1, 0x6E, 0x02, 0x00, 0x06, 0x02, 0xBB, 0x8A, 0x46, 0xBA, 0x62,
    0x45, 0x3C, 0x0C, 0xE4, 0xBD, 0x0B, 0x7C, 0x48, 0x7E, 0xCB, 0x4B, 0x90,
    0x85, 0x00, 0xEE, 0xBF, 0x5A, 0xFF, 0xFF, 0xEB, 0xC0, 0x02, 0x00, 0x06,
    0x02, 0x3A, 0x75, 0x29, 0x3B, 0x16, 0x61, 0xBC, 0x4A, 0x33, 0x3B, 0xA5,
    0x42, 0x48, 0x32, 0xE3, 0x49, 0xA3, 0xB9, 0x00, 0x69, 0x63, 0x63, 0xFF,
    0xFF, 0xDC, 0xDC, 0x03, 0xA7, 0xFF, 0x00, 0x03, 0xFF, 0x00, 0x00, 0x04,
    0x01, 0x88, 0x05, 0x00, 0x02, 0x00, 0x06, 0x02, 0x37, 0x88, 0x9D, 0x38,
    0x95, 0x54, 0xBB, 0xFC, 0x4A, 0x3A, 0xB9, 0xD0, 0x49, 0x1A, 0xDE, 0x4A,
    0x42, 0x20, 0x00, 0xFF, 0xF9, 0xBA, 0xFF, 0xFF, 0xC1, 0x04, 0x02, 0x00,
    0x06, 0x02, 0x38, 0x82, 0xA6, 0x38, 0x93, 0x53, 0xBB, 0x17, 0x7D, 0x3B,
    0x03, 0x78, 0x48, 0x4A, 0xDD, 0x4A, 0xF2, 0x77, 0x00, 0xC7, 0xE3, 0xFF,
    0xFF, 0x39, 0x2F, 0xFF, 0x02, 0x00, 0x06, 0x02, 0x37, 0xA0, 0xCC, 0x39,
    0x3C, 0x5A, 0xBC, 0x1A, 0xC2, 0x3A, 0x5C, 0x16, 0x4A, 0x19, 0xB9, 0x4A,
    0xFE, 0x54, 0x00, 0xFF, 0x97, 0x97, 0xFF, 0xCE, 0x32, 0x32, 0x10, 0x06,
    0x08, 0xB2, 0xAB, 0x44, 0x5B, 0x49, 0xC6, 0x2D, 0xC7, 0xC1, 0xC5, 0x21,
    0xC9, 0x2A, 0xC7, 0x55, 0xC6, 0x31, 0xC7, 0xC0, 0xC4, 0x8D, 0xCA, 0xEC,
    0xC1, 0x5A, 0xC9, 0xBC, 0xC2, 0xF4, 0xCC, 0x1C, 0xBF, 0xC1, 0x5F, 0x3C,
    0x5B, 0x3A, 0x59, 0x3F, 0x06, 0x0A, 0xEE, 0xEA, 0x0E, 0x23, 0x3C, 0x22,
    0xC0, 0x40, 0x22, 0xBF, 0x24, 0x22, 0xC1, 0xB0, 0xB4, 0x0B, 0xC3, 0x2F,
    0xB6, 0x47, 0xC4, 0xA6, 0xB4, 0xFB, 0xC3, 0xF6, 0xB7, 0xDD, 0xC5, 0x7D,
    0xB9, 0x9E, 0xC6, 0x04, 0xB9, 0x9F, 0xC0, 0x7F, 0xBE, 0xC1, 0xBB, 0x44,
    0xBB, 0xA1, 0xB9, 0xFE, 0xBD, 0x24, 0xBA, 0x9C, 0xBA, 0x49, 0xB9, 0x72,
    0xB9, 0x05, 0xB9, 0x54, 0xB6, 0x23, 0xBB, 0x6A, 0xB7, 0x66, 0xBA, 0x27,
    0xB4, 0xCA, 0xBC, 0xC3, 0x06, 0x06, 0xBA, 0x0B, 0x3E, 0xBA, 0xDE, 0xC2,
    0x83, 0xB7, 0x02, 0xBF, 0x85, 0xB5, 0xEC, 0xC0, 0xFA, 0xB6, 0x73, 0xBE,
    0x35, 0xB5, 0x72, 0x39, 0x26, 0xBB, 0x83, 0xB6, 0x70, 0xBC, 0x45, 0xB5,
    0xAE, 0xBA, 0x98, 0xB7, 0x5B, 0xB9, 0x92, 0xB8, 0x61, 0x06, 0x0A, 0xEA,
    0xEE, 0x0E, 0xBF, 0x8D, 0xBB, 0x84, 0xC6, 0x13, 0x3B, 0xC6, 0x18, 0xC3,
    0xB8, 0xC8, 0xA9, 0xC0, 0xDC, 0xC7, 0xA7, 0xC2, 0x2F, 0xC9, 0x6E, 0xBF,
    0xD8, 0x59, 0xBE, 0xCD, 0x5A, 0xBB, 0xEA, 0x5A, 0xBD, 0x57, 0x5A, 0xBA,
    0xC9, 0xC9, 0x69, 0xB9, 0xF9, 0xC5, 0xDC, 0xB8, 0x3A, 0xC7, 0xCD, 0xB8,
    0xEF, 0xC4, 0x72, 0xB7, 0xB6, 0xC3, 0x3A, 0xB7, 0x78, 0xC1, 0x81, 0xB8,
    0xE5, 0xC2, 0x69, 0xB8, 0x0B, 0xC0, 0x64, 0xB9, 0xF2, 0x06, 0x0C, 0xEE,
    0xEE, 0xEE, 0xC5, 0x93, 0x3D, 0xC2, 0x21, 0xBC, 0xF0, 0xC3, 0xE6, 0xBD,
    0xB3, 0x42, 0xBC, 0x42, 0xBF, 0x27, 0xBB, 0xDD, 0xBC, 0xE0, 0xBD, 0xF9,
    0xBD, 0xFF, 0xBC, 0xC2, 0xBB, 0x9D, 0xBF, 0x57, 0xBA, 0x6B, 0xC0, 0xCB,
    0xBA, 0x45, 0xC3, 0x4A, 0xBA, 0x45, 0xC1, 0xFA, 0xBA, 0x45, 0xC4, 0xEC,
    0xBA, 0x85, 0xC6, 0xB6, 0xBD, 0x7A, 0xC8, 0x76, 0xBB, 0xD3, 0xC7, 0x96,
    0xBF, 0x59, 0xC9, 0x73, 0x44, 0xC9, 0xCF, 0xC3, 0xC8, 0xC7, 0x4A, 0xC2,
    0x97, 0xC8, 0xDD, 0xC4, 0xE2, 0xC5, 0xD7, 0xC5, 0xA3, 0xC4, 0x67, 0xC5,
    0xCE, 0xC1, 0x7C, 0xC5, 0xD2, 0xC2, 0xF8, 0xC5, 0xCA, 0xBF, 0xFF, 0x06,
    0x06, 0xBA, 0x0B, 0x44, 0x4A, 0xBA, 0x6B, 0xC0, 0xCB, 0xBA, 0x45, 0xC3,
    0x4A, 0xBA, 0x45, 0xC1, 0xFA, 0xBA, 0x45, 0xC4, 0xEC, 0xBA, 0x85, 0xC6,
    0xB6, 0xBD, 0x7A, 0xC8, 0x76, 0xBB, 0xD3, 0xC7, 0x96, 0xBF, 0x59, 0xC9,
    0x73, 0x44, 0xC9, 0xCF, 0x06, 0x07, 0x6E, 0x3B, 0xC5, 0x93, 0x3D, 0xC3,
    0xDF, 0xC1, 0x21, 0xC4, 0xEC, 0xBF, 0xD6, 0xC2, 0xCF, 0xC2, 0x6D, 0x44,
    0x4A, 0xC9, 0xCF, 0xC3, 0xC8, 0xC7, 0x4A, 0xC2, 0x97, 0xC8, 0xDD, 0xC4,
    0xE2, 0xC5, 0xD7, 0xC5, 0xA3, 0xC4, 0x67, 0xC5, 0xCE, 0xC1, 0x7C, 0xC5,
    0xD2, 0xC2, 0xF8, 0xC5, 0xCA, 0xBF, 0xFF, 0x06, 0x07, 0xEE, 0x3A, 0xC5,
    0x93, 0x3D, 0xC2, 0x21, 0xBC, 0xF0, 0xC3, 0xE6, 0xBD, 0xB3, 0x42, 0xBC,
    0x42, 0xBF, 0x27, 0xBB, 0xDD, 0xBC, 0xE0, 0xBD, 0xF9, 0xBD, 0xFF, 0xBC,
    0xC2, 0xBB, 0x9D, 0xBF, 0x57, 0xBA, 0x6B, 0xC0, 0xCB, 0x44, 0x4A, 0xC3,
    0xDF, 0xC1, 0x21, 0xC2, 0xCF, 0xC2, 0x6D, 0xC4, 0xEC, 0xBF, 0xD6, 0x06,
    0x06, 0xEE, 0x0A, 0x23, 0x3C, 0x22, 0xC0, 0x40, 0x22, 0xBF, 0x24, 0x22,
    0xC1, 0xB0, 0xB4, 0x0B, 0xC3, 0x2F, 0xB6, 0x47, 0xC4, 0xA6, 0xB4, 0xFB,
    0xC3, 0xF6, 0xB7, 0xDD, 0xC5, 0x7D, 0xB9, 0x9E, 0xC6, 0x04, 0xB9, 0x9F,
    0xC0, 0x7F, 0x06, 0x06, 0xEA, 0x0E, 0x23, 0x3C, 0xB9, 0x9F, 0xC0, 0x7F,
    0xBE, 0xC1, 0xBB, 0x44, 0xBB, 0xA1, 0xB9, 0xFE, 0xBD, 0x24, 0xBA, 0x9C,
    0xBA, 0x49, 0xB9, 0x72, 0xB9, 0x05, 0xB9, 0x54, 0xB6, 0x23, 0xBB, 0x6A,
    0xB7, 0x66, 0xBA, 0x27, 0xB4, 0xCA, 0xBC, 0xC3, 0x06, 0x07, 0xBA, 0x3B,
    0xBF, 0x8D, 0xBB, 0x84, 0xC6, 0x13, 0x3B, 0xC8, 0x5B, 0xBB, 0x9F, 0xC7,
    0x75, 0xBC, 0xA4, 0xC9, 0x1D, 0xBA, 0xC3, 0xC9, 0x69, 0xB9, 0xF9, 0xC5,
    0xDC, 0xB8, 0x3A, 0xC7, 0xCD, 0xB8, 0xEF, 0xC4, 0x72, 0xB7, 0xB6, 0xC3,
    0x3A, 0xB7, 0x78, 0xC1, 0x81, 0xB8, 0xE5, 0xC2, 0x69, 0xB8, 0x0B, 0xC0,
    0x64, 0xB9, 0xF2, 0x06, 0x07, 0xBA, 0x3B, 0xC6, 0x13, 0x3B, 0xC6, 0x18,
    0xC3, 0xB8, 0xC8, 0xA9, 0xC0, 0xDC, 0xC7, 0xA7, 0xC2, 0x2F, 0xC9, 0x6E,
    0xBF, 0xD8, 0x59, 0xBE, 0xCD, 0x5A, 0xBB, 0xEA, 0x5A, 0xBD, 0x57, 0x5A,
    0xBA, 0xC9, 0xC9, 0x69, 0xB9, 0xF9, 0xC8, 0x5B, 0xBB, 0x9F, 0xC9, 0x1D,
    0xBA, 0xC3, 0xC7, 0x75, 0xBC, 0xA4, 0x04, 0x08, 0xFE, 0xBB, 0x45, 0x3F,
    0x3B, 0x2F, 0x3F, 0x31, 0x37, 0x2D, 0x32, 0x35, 0x2B, 0x34, 0x39, 0x36,
    0x4E, 0x31, 0x4A, 0x2E, 0x52, 0x34, 0x4F, 0x35, 0x53, 0x35, 0xC5, 0x19,
    0x35, 0x3F, 0x34, 0x38, 0xBC, 0x43, 0xBE, 0x4E, 0xBB, 0x3D, 0xBA, 0xEB,
    0xBD, 0x3A, 0x2F, 0xBD, 0xDB, 0x0A, 0x06, 0x2C, 0x47, 0x2C, 0x4E, 0x32,
    0x51, 0x36, 0x4E, 0x36, 0x47, 0x30, 0x44, 0x0A, 0x06, 0x26, 0x52, 0x26,
    0x59, 0x2C, 0x5C, 0x30, 0x59, 0x30, 0x52, 0x2A, 0x4F, 0x0A, 0x06, 0x32,
    0x53, 0x32, 0x59, 0x38, 0x5C, 0x3C, 0x59, 0x3C, 0x52, 0x37, 0xC5, 0xD3,
    0x0C, 0x0A, 0x08, 0x01, 0x00, 0x00, 0x0A, 0x00, 0x04, 0x01, 0x02, 0x03,
    0x04, 0x10, 0x01, 0x17, 0x84, 0x00, 0x04, 0x0A, 0x01, 0x04, 0x07, 0x09,
    0x02, 0x0A, 0x00, 0x0A, 0x02, 0x02, 0x06, 0x0B, 0x00, 0x0A, 0x04, 0x01,
    0x05, 0x00, 0x0A, 0x00, 0x01, 0x0C, 0x18, 0x15, 0xFF, 0x01, 0x17, 0x82,
    0x00, 0x04, 0x0A, 0x03, 0x01, 0x08, 0x00, 0x0A, 0x09, 0x03, 0x0D, 0x0E,
    0x0F, 0x18, 0x15, 0xFF, 0x01, 0x17, 0x84, 0x00, 0x04, 0x0A, 0x09, 0x03,
    0x0D, 0x0E, 0x0F, 0x18, 0x00, 0x15, 0x01, 0x17, 0x86, 0x00, 0x04, 0x0A,
    0x0A, 0x01, 0x0D, 0x00, 0x0A, 0x0B, 0x01, 0x0E, 0x00, 0x0A, 0x0C, 0x01,
    0x0F, 0x00,
};

/* boot_volume -- R_BootVolumeIcon, the nightly-build variant */
static const uint8_t tiku_icon_boot_volume[478] = {
    0x6E, 0x63, 0x69, 0x66, 0x0B, 0x03, 0x01, 0x00, 0x00, 0x02, 0x00, 0x16,
    0x02, 0x3C, 0xC7, 0xEE, 0x38, 0x9B, 0xC0, 0xBA, 0x16, 0x57, 0x3E, 0x39,
    0xB0, 0x49, 0x77, 0xC8, 0x42, 0xAD, 0xC7, 0x00, 0xFF, 0xFF, 0xD3, 0x02,
    0x00, 0x06, 0x02, 0x3C, 0x96, 0x32, 0x3A, 0x4D, 0x3F, 0xBA, 0xFC, 0x01,
    0x3D, 0x5A, 0x97, 0x4B, 0x57, 0xA5, 0x49, 0x84, 0x4D, 0x00, 0x47, 0x47,
    0x47, 0xFF, 0xA5, 0xA0, 0xA0, 0x02, 0x00, 0x16, 0x02, 0xBC, 0x59, 0x2F,
    0xBB, 0x29, 0xA7, 0x3C, 0x0C, 0xE4, 0xBD, 0x0B, 0x7C, 0x48, 0x92, 0xC0,
    0x4B, 0x79, 0x66, 0x00, 0x7D, 0xFF, 0xD4, 0x02, 0x00, 0x06, 0x02, 0x38,
    0xDB, 0xB4, 0x39, 0x97, 0x33, 0xBC, 0x4A, 0x33, 0x3B, 0xA5, 0x42, 0x48,
    0x6E, 0x66, 0x49, 0xEE, 0x7B, 0x00, 0x59, 0x67, 0x56, 0xFF, 0xEB, 0xB2,
    0xB2, 0x03, 0xA7, 0xFF, 0x00, 0x03, 0xFF, 0x00, 0x00, 0x04, 0x01, 0x80,
    0x05, 0x00, 0x02, 0x00, 0x06, 0x02, 0x39, 0x2C, 0xB6, 0x3A, 0x3F, 0xDF,
    0xBF, 0x44, 0xAC, 0x3E, 0x4E, 0x62, 0x4A, 0xD9, 0xDC, 0x49, 0x52, 0x12,
    0x00, 0xFF, 0xDC, 0xDC, 0xFF, 0xE8, 0x06, 0x06, 0x02, 0x00, 0x16, 0x02,
    0x36, 0x12, 0x33, 0x38, 0x2E, 0xE6, 0xBC, 0x4F, 0x19, 0x3A, 0x30, 0xBF,
    0x49, 0x13, 0x9E, 0x4A, 0x43, 0xAC, 0x00, 0xC6, 0xFF, 0x4A, 0x10, 0x0A,
    0x06, 0x22, 0x3C, 0x22, 0x49, 0x44, 0x5B, 0x5A, 0x3E, 0x5A, 0x31, 0x39,
    0x25, 0x0A, 0x04, 0x22, 0x3C, 0x44, 0x4B, 0x5A, 0x31, 0x39, 0x25, 0x0A,
    0x04, 0x44, 0x4B, 0x44, 0x5B, 0x5A, 0x3E, 0x5A, 0x31, 0x0A, 0x04, 0x22,
    0x3C, 0x22, 0x49, 0x44, 0x5B, 0x44, 0x4B, 0x08, 0x02, 0x27, 0x43, 0xB8,
    0x14, 0xC1, 0xF1, 0x08, 0x02, 0x26, 0x43, 0x29, 0x44, 0x0A, 0x05, 0x44,
    0x5D, 0x49, 0x5D, 0x60, 0x3E, 0x5A, 0x3B, 0x5B, 0x3F, 0x02, 0x02, 0x31,
    0x46, 0x3C, 0x46, 0x26, 0x46, 0x31, 0x5A, 0x24, 0x5A, 0x3E, 0x5A, 0x08,
    0x02, 0x28, 0x4A, 0x39, 0x59, 0x08, 0x02, 0x3A, 0x4A, 0x29, 0x59, 0x08,
    0x02, 0x25, 0x52, 0x3D, 0x52, 0x06, 0x04, 0xBA, 0x30, 0x4F, 0x2A, 0x4E,
    0x2C, 0x56, 0x2A, 0x54, 0x2E, 0x58, 0x30, 0x58, 0x06, 0x04, 0xB6, 0x32,
    0x4F, 0x58, 0x36, 0x56, 0x34, 0x58, 0x38, 0x54, 0x38, 0x4E, 0x06, 0x04,
    0xEE, 0xB7, 0x48, 0xC4, 0xA1, 0x31, 0x4D, 0x2F, 0x4D, 0x33, 0x4D, 0xBC,
    0x43, 0xC4, 0xA1, 0x31, 0x48, 0x36, 0x48, 0x2C, 0x48, 0x02, 0x02, 0x2D,
    0x4F, 0x30, 0x4F, 0x2B, 0x4F, 0x2D, 0x53, 0x2B, 0x53, 0x30, 0x53, 0x02,
    0x02, 0x35, 0x51, 0x37, 0x51, 0x32, 0x51, 0x35, 0x55, 0x32, 0x55, 0x37,
    0x55, 0x0D, 0x0A, 0x07, 0x01, 0x06, 0x00, 0x0A, 0x00, 0x01, 0x00, 0x10,
    0x01, 0x17, 0x84, 0x00, 0x04, 0x0A, 0x01, 0x01, 0x01, 0x00, 0x0A, 0x02,
    0x01, 0x02, 0x00, 0x0A, 0x03, 0x01, 0x03, 0x00, 0x0A, 0x04, 0x01, 0x04,
    0x10, 0x01, 0x17, 0x85, 0x20, 0x04, 0x0A, 0x06, 0x01, 0x05, 0x30, 0x24,
    0xB3, 0x99, 0x01, 0x17, 0x82, 0x00, 0x04, 0x0A, 0x05, 0x01, 0x05, 0x30,
    0x20, 0xB2, 0xE6, 0x01, 0x17, 0x82, 0x00, 0x04, 0x0A, 0x08, 0x01, 0x07,
    0x00, 0x0A, 0x08, 0x03, 0x0A, 0x09, 0x08, 0x10, 0x01, 0x17, 0x84, 0x20,
    0x04, 0x0A, 0x09, 0x02, 0x0B, 0x0C, 0x00, 0x0A, 0x0A, 0x01, 0x0D, 0x08,
    0x15, 0xFF, 0x0A, 0x08, 0x02, 0x0E, 0x0F, 0x08, 0x15, 0xFF,
};

/* root -- R_RootIcon */
static const uint8_t tiku_icon_root[1097] = {
    0x6E, 0x63, 0x69, 0x66, 0x16, 0x03, 0x01, 0x00, 0x00, 0x02, 0x00, 0x16,
    0x02, 0x3C, 0xC7, 0xEE, 0x38, 0x9B, 0xC0, 0xBA, 0x16, 0x57, 0x3E, 0x39,
    0xB0, 0x4A, 0x25, 0xE4, 0x46, 0x8B, 0x71, 0x00, 0xFF, 0xFF, 0xD3, 0x02,
    0x00, 0x16, 0x02, 0x3C, 0x5A, 0x74, 0x3B, 0x25, 0xDE, 0xBC, 0x0A, 0x70,
    0x3D, 0x0D, 0x21, 0x4B, 0x89, 0xB1, 0x49, 0xB4, 0xE0, 0x00, 0x47, 0xFF,
    0x9E, 0x02, 0x00, 0x16, 0x02, 0x39, 0x6B, 0xD8, 0x39, 0x4C, 0x21, 0xBC,
    0x8C, 0x21, 0x3C, 0xA4, 0xA2, 0x4C, 0x06, 0xD7, 0x48, 0x63, 0x15, 0x00,
    0x3D, 0xFF, 0x81, 0x02, 0x00, 0x16, 0x02, 0xBC, 0x59, 0x2F, 0xBB, 0x29,
    0xA7, 0x3C, 0x0C, 0xE4, 0xBD, 0x0B, 0x7C, 0x48, 0x92, 0xC0, 0x4B, 0x99,
    0x66, 0x00, 0x7D, 0xFF, 0xD4, 0x02, 0x00, 0x06, 0x02, 0x38, 0xDB, 0xB4,
    0x39, 0x97, 0x33, 0xBC, 0x4A, 0x33, 0x3B, 0xA5, 0x42, 0x48, 0x66, 0x66,
    0x4A, 0x1B, 0x3D, 0x00, 0x59, 0x67, 0x56, 0xFF, 0xEB, 0xB2, 0xB2, 0x03,
    0xA7, 0xFF, 0x00, 0x03, 0xFF, 0x00, 0x00, 0x04, 0x01, 0x80, 0x02, 0x00,
    0x06, 0x02, 0x3F, 0x20, 0x00, 0x00, 0x00, 0x00, 0x00, 0x00, 0x00, 0x3E,
    0x30, 0x00, 0xC0, 0x00, 0x00, 0x00, 0x00, 0x00, 0x5B, 0xF8, 0xF8, 0xFF,
    0xFF, 0x5D, 0x5B, 0xBB, 0x02, 0x00, 0x06, 0x02, 0x3A, 0x6F, 0xFE, 0x3A,
    0x7C, 0xC1, 0xBD, 0x2F, 0x74, 0x3D, 0x1F, 0x1D, 0x4A, 0xAC, 0xC5, 0x40,
    0xBD, 0xFE, 0xA0, 0x37, 0x28, 0x74, 0xE4, 0x15, 0x1E, 0xC8, 0x02, 0x00,
    0x06, 0x02, 0x3E, 0xAF, 0x51, 0x3C, 0x0E, 0x74, 0xBA, 0xAE, 0xAE, 0x3D,
    0x80, 0x80, 0x45, 0xF1, 0x68, 0xC4, 0x9D, 0xEB, 0x63, 0xFF, 0xFF, 0xFF,
    0xE8, 0x87, 0x8C, 0xE4, 0x02, 0x00, 0x16, 0x02, 0x3E, 0x72, 0x00, 0x00,
    0x00, 0x00, 0x00, 0x00, 0x00, 0x3D, 0x80, 0x00, 0xBF, 0x80, 0x00, 0x41,
    0xC0, 0x00, 0x00, 0xC5, 0xC8, 0xFF, 0x02, 0x00, 0x06, 0x02, 0x3C, 0x67,
    0xEC, 0x3D, 0xCD, 0x85, 0xBD, 0xA9, 0xDD, 0x3C, 0x51, 0x5E, 0x49, 0xAD,
    0xB5, 0xC5, 0x89, 0xF5, 0xA7, 0x83, 0x7B, 0xBD, 0xEF, 0xD4, 0xD5, 0xF5,
    0x02, 0x00, 0x06, 0x02, 0x3F, 0x30, 0x00, 0x00, 0x00, 0x00, 0x00, 0x00,
    0x00, 0x3D, 0xC0, 0x00, 0xC0, 0x00, 0x00, 0x42, 0x00, 0x00, 0x00, 0x23,
    0x15, 0x87, 0xFF, 0xDB, 0xE2, 0xE7, 0x02, 0x00, 0x06, 0x02, 0x3E, 0x12,
    0x00, 0x00, 0x00, 0x00, 0x00, 0x00, 0x00, 0x3B, 0xD0, 0x00, 0x46, 0xB0,
    0x00, 0x42, 0x00, 0x00, 0x9A, 0xF8, 0xFC, 0xC6, 0xFF, 0xFB, 0xF8, 0xA3,
    0x02, 0x00, 0x06, 0x02, 0x40, 0x00, 0x00, 0x00, 0x00, 0x00, 0x00, 0x00,
    0x00, 0x40, 0x00, 0x00, 0xC0, 0x00, 0x00, 0x42, 0x00, 0x00, 0x00, 0x82,
    0x82, 0xFD, 0xFF, 0x12, 0x4D, 0xA7, 0x02, 0x00, 0x06, 0x02, 0x40, 0x00,
    0x00, 0x00, 0x00, 0x00, 0x00, 0x00, 0x00, 0x40, 0x00, 0x00, 0xC0, 0x00,
    0x00, 0x42, 0x00, 0x00, 0x00, 0xFF, 0xFF, 0xFF, 0xFF, 0xE8, 0xE2, 0xE2,
    0x02, 0x03, 0x06, 0x05, 0xB8, 0x12, 0xA5, 0xBE, 0x03, 0xE1, 0x3D, 0xE7,
    0x84, 0xB8, 0x02, 0x10, 0x4A, 0x6B, 0xCF, 0x47, 0x9B, 0xB0, 0x00, 0xF1,
    0xF1, 0xF1, 0x36, 0xD9, 0xDD, 0xF4, 0x8A, 0x99, 0x96, 0xB9, 0xB4, 0xB8,
    0xBE, 0xDB, 0xFF, 0xF4, 0xF4, 0xF4, 0x03, 0x8B, 0x86, 0xB8, 0x03, 0x83,
    0x7F, 0xA8, 0x02, 0x01, 0x16, 0x02, 0xB7, 0xAF, 0x7C, 0x3C, 0xA0, 0xE1,
    0xBF, 0x1E, 0x0B, 0xBA, 0x2F, 0x7E, 0x4A, 0x30, 0x50, 0x48, 0x7E, 0x9E,
    0x00, 0x46, 0xFF, 0xDA, 0x17, 0x06, 0x05, 0xE2, 0x02, 0x40, 0x5F, 0x46,
    0xC9, 0x49, 0xC4, 0xCE, 0x60, 0x45, 0x60, 0x4A, 0x60, 0x41, 0x5C, 0x40,
    0x0A, 0x06, 0x22, 0x40, 0x22, 0x4D, 0x40, 0x5D, 0x5A, 0x43, 0x5A, 0x36,
    0x3D, 0x2C, 0x0A, 0x06, 0x22, 0x40, 0x40, 0x4D, 0xC7, 0x3B, 0xBE, 0x4F,
    0x5A, 0x36, 0x3D, 0x2C, 0xB6, 0x7B, 0x3B, 0x06, 0x07, 0xEA, 0x28, 0x3D,
    0x2C, 0x5A, 0x36, 0xC7, 0x3B, 0xBE, 0x4F, 0x48, 0x3E, 0x4E, 0x3E, 0x42,
    0x3E, 0x40, 0x3A, 0x42, 0xB6, 0x7B, 0x3B, 0x06, 0x07, 0xEA, 0x28, 0x22,
    0x40, 0x40, 0x4D, 0xC7, 0x3B, 0xBE, 0x4F, 0x48, 0x3E, 0x4E, 0x3E, 0x42,
    0x3E, 0x40, 0x3A, 0x42, 0xB6, 0x7B, 0x3B, 0x0A, 0x04, 0x40, 0x4D, 0x40,
    0x5D, 0xC7, 0x46, 0xC3, 0xC7, 0xC7, 0x46, 0xBE, 0x45, 0x0A, 0x04, 0xC7,
    0x46, 0xC3, 0xC7, 0x5A, 0x43, 0x5A, 0x36, 0xC7, 0x46, 0xBE, 0x45, 0x0A,
    0x04, 0x22, 0x40, 0x22, 0x4D, 0x40, 0x5D, 0x40, 0x4D, 0x08, 0x02, 0x27,
    0x47, 0xB8, 0x14, 0xC3, 0x89, 0x08, 0x02, 0x26, 0x47, 0x29, 0x48, 0x02,
    0x04, 0x46, 0x26, 0xC7, 0x6B, 0x26, 0xBC, 0xDC, 0x26, 0x2E, 0x30, 0x2E,
    0xB7, 0x2C, 0x2E, 0xBB, 0x93, 0x46, 0x3A, 0xBC, 0xDC, 0x3A, 0xC7, 0x6B,
    0x3A, 0x5E, 0x30, 0x5E, 0xBB, 0x93, 0x5E, 0xB7, 0x2C, 0x06, 0x08, 0xBF,
    0xFE, 0x46, 0x26, 0xC7, 0x6B, 0x26, 0xBC, 0xDC, 0x26, 0x2E, 0x30, 0x2E,
    0xB7, 0x2C, 0x2E, 0xBA, 0xB7, 0xBC, 0x9D, 0xBC, 0xA0, 0xBA, 0x2B, 0xBB,
    0xE7, 0xBC, 0x9D, 0xBC, 0xA0, 0x4A, 0x2E, 0x4C, 0x30, 0xBF, 0x67, 0xBD,
    0x31, 0xBF, 0x67, 0xBD, 0x31, 0xC0, 0x45, 0xBD, 0x4D, 0x46, 0x3A, 0xC1,
    0x30, 0x3A, 0xC7, 0x6B, 0x3A, 0x5E, 0x30, 0x5E, 0xBB, 0x93, 0x5E, 0xB7,
    0x2C, 0x06, 0x04, 0xBE, 0x4A, 0x2E, 0xBC, 0x9D, 0xBC, 0xA0, 0xBC, 0x9D,
    0xBC, 0xA0, 0xBD, 0x74, 0xBC, 0xE0, 0xBF, 0x67, 0xBD, 0x31, 0xBE, 0x64,
    0xBD, 0x11, 0xBF, 0x67, 0xBD, 0x31, 0x4C, 0x30, 0x02, 0x04, 0x46, 0x2B,
    0xC3, 0xE6, 0x2B, 0xC0, 0x61, 0x2B, 0xBE, 0xF3, 0x2E, 0xBE, 0xF3, 0xB7,
    0xEB, 0xBE, 0xF3, 0xB9, 0x3C, 0x46, 0x31, 0xC0, 0x61, 0x31, 0xC3, 0xE6,
    0x31, 0x4E, 0x2E, 0x4E, 0xB9, 0x3C, 0x4E, 0xB7, 0xEB, 0x0A, 0x06, 0x21,
    0x30, 0x21, 0x33, 0x39, 0x3C, 0x4B, 0x2E, 0x4B, 0x2B, 0x33, 0x25, 0x0A,
    0x04, 0x4B, 0x2B, 0x4B, 0x2E, 0x39, 0x3B, 0x39, 0x38, 0x0A, 0x04, 0x21,
    0x33, 0x21, 0x30, 0x39, 0x38, 0x39, 0x3B, 0x0A, 0x06, 0x27, 0x32, 0x2D,
    0x2E, 0x2E, 0x2E, 0x37, 0x31, 0x37, 0x32, 0x32, 0x36, 0x0A, 0x04, 0x2A,
    0x32, 0x2E, 0x2F, 0x30, 0x30, 0x2C, 0x33, 0x08, 0x06, 0x35, 0x3A, 0x35,
    0x37, 0x3C, 0x32, 0x2D, 0x2D, 0x27, 0x31, 0x27, 0x34, 0x0A, 0x04, 0x27,
    0x32, 0x27, 0x35, 0x32, 0x39, 0x32, 0x36, 0x0A, 0x04, 0xBC, 0x03, 0xB5,
    0x7D, 0xB9, 0x20, 0xB7, 0x3B, 0xBE, 0x01, 0xB8, 0xC7, 0xC1, 0x31, 0xB6,
    0xC9, 0x08, 0x04, 0x35, 0x26, 0x2D, 0x2B, 0xBE, 0xDA, 0xB9, 0x20, 0x46,
    0x2A, 0x18, 0x0A, 0x08, 0x01, 0x00, 0x00, 0x0A, 0x00, 0x01, 0x01, 0x10,
    0x01, 0x17, 0x84, 0x00, 0x04, 0x0A, 0x01, 0x01, 0x04, 0x00, 0x0A, 0x15,
    0x01, 0x03, 0x00, 0x0A, 0x02, 0x01, 0x05, 0x00, 0x0A, 0x03, 0x01, 0x06,
    0x00, 0x0A, 0x04, 0x01, 0x07, 0x00, 0x0A, 0x05, 0x01, 0x08, 0x10, 0x01,
    0x17, 0x85, 0x20, 0x04, 0x0A, 0x07, 0x01, 0x09, 0x30, 0x24, 0xB3, 0x99,
    0x01, 0x17, 0x82, 0x00, 0x04, 0x0A, 0x06, 0x01, 0x09, 0x30, 0x20, 0xB2,
    0xE6, 0x01, 0x17, 0x82, 0x00, 0x04, 0x0A, 0x00, 0x01, 0x0A, 0x10, 0x01,
    0x17, 0x84, 0x00, 0x04, 0x0A, 0x13, 0x01, 0x0C, 0x00, 0x0A, 0x12, 0x01,
    0x0B, 0x00, 0x0A, 0x14, 0x01, 0x0D, 0x10, 0x01, 0x17, 0x81, 0x00, 0x04,
    0x0A, 0x09, 0x01, 0x0E, 0x00, 0x0A, 0x0A, 0x01, 0x0F, 0x00, 0x0A, 0x0B,
    0x01, 0x10, 0x00, 0x0A, 0x0C, 0x01, 0x11, 0x00, 0x0A, 0x10, 0x01, 0x12,
    0x00, 0x0A, 0x0E, 0x01, 0x13, 0x10, 0x01, 0x17, 0x81, 0x00, 0x04, 0x0A,
    0x11, 0x01, 0x14, 0x00, 0x0A, 0x0D, 0x01, 0x16, 0x10, 0x01, 0x17, 0x81,
    0x00, 0x04, 0x0A, 0x0F, 0x01, 0x15, 0x00, 0x0A, 0x00, 0x01, 0x0E, 0x10,
    0x01, 0x17, 0x82, 0x00, 0x04,
};

/* desktop -- R_DeskIcon */
static const uint8_t tiku_icon_desktop[865] = {
    0x6E, 0x63, 0x69, 0x66, 0x0F, 0x05, 0x00, 0x04, 0x00, 0x6B, 0x02, 0x00,
    0x06, 0x02, 0x3A, 0x49, 0x84, 0x37, 0xD9, 0x31, 0xBA, 0x09, 0x20, 0x3C,
    0x6B, 0x6D, 0x4B, 0x49, 0xE7, 0x4A, 0x11, 0xB7, 0x01, 0x66, 0x33, 0x00,
    0xFF, 0x9B, 0x66, 0x32, 0x03, 0x60, 0x33, 0x07, 0x02, 0x00, 0x06, 0x02,
    0x33, 0x93, 0xB0, 0xB8, 0x4A, 0x2E, 0x3B, 0x59, 0xD6, 0x36, 0x9E, 0x06,
    0x46, 0xDF, 0xD8, 0x4A, 0xA8, 0x88, 0x00, 0x7C, 0x3F, 0x03, 0xFF, 0x66,
    0x33, 0x00, 0x03, 0xCB, 0x98, 0x67, 0x02, 0x00, 0x06, 0x02, 0xB2, 0xF5,
    0x96, 0x35, 0x5C, 0x9A, 0xBD, 0x51, 0x5D, 0xBA, 0xEB, 0xB1, 0x4A, 0x33,
    0x35, 0x4A, 0x96, 0xBF, 0x00, 0xA8, 0x73, 0x3F, 0xFF, 0xD6, 0x9E, 0x68,
    0x03, 0x98, 0x64, 0x32, 0x02, 0x00, 0x06, 0x02, 0x3E, 0x20, 0x00, 0x00,
    0x00, 0x00, 0x00, 0x00, 0x00, 0x3D, 0x80, 0x00, 0x49, 0xC0, 0x00, 0x46,
    0x00, 0x00, 0x00, 0xFF, 0xED, 0xDC, 0xFF, 0xFF, 0xCB, 0x98, 0x02, 0x00,
    0x06, 0x02, 0x3A, 0x49, 0x84, 0x37, 0xD9, 0x31, 0xBA, 0x09, 0x20, 0x3C,
    0x6B, 0x6D, 0x4B, 0x39, 0xE7, 0x49, 0x63, 0x6E, 0x00, 0x89, 0x51, 0x1A,
    0xFF, 0x98, 0x62, 0x2D, 0x05, 0xFF, 0x02, 0x01, 0x16, 0x02, 0x3C, 0x0F,
    0x0A, 0x00, 0x00, 0x00, 0x00, 0x00, 0x00, 0x3C, 0x2F, 0x0A, 0x4A, 0xB5,
    0x5C, 0x47, 0x66, 0x66, 0x00, 0x80, 0xFF, 0x00, 0x02, 0x01, 0x16, 0x03,
    0x38, 0xA2, 0x8F, 0x00, 0x00, 0x00, 0x00, 0x00, 0x00, 0x38, 0x22, 0x8F,
    0x4A, 0xE1, 0xD7, 0x48, 0x57, 0x5C, 0x00, 0xFF, 0x54, 0xFF, 0xFF, 0x80,
    0x02, 0x00, 0x16, 0x02, 0x34, 0x00, 0x00, 0x00, 0x00, 0x00, 0x00, 0x00,
    0x00, 0x38, 0x00, 0x00, 0x4B, 0x00, 0x00, 0x47, 0x8D, 0x1E, 0x00, 0xFF,
    0xFF, 0x80, 0x02, 0x01, 0x06, 0x02, 0x3C, 0x7F, 0xE9, 0x36, 0x52, 0xB8,
    0xB4, 0x19, 0x50, 0x3A, 0x42, 0x24, 0x4A, 0x94, 0x18, 0x40, 0xDD, 0xAF,
    0x00, 0x00, 0xFF, 0x00, 0xFF, 0x10, 0x8E, 0x35, 0x18, 0x0A, 0x03, 0x2E,
    0x54, 0x38, 0x54, 0x38, 0x4A, 0x0A, 0x05, 0x46, 0x60, 0x5A, 0x4A, 0x5A,
    0x47, 0x60, 0x4A, 0x4E, 0x60, 0x08, 0x09, 0x26, 0x38, 0x26, 0x4E, 0x2E,
    0x52, 0x36, 0x4A, 0x3A, 0x4C, 0x3A, 0x58, 0x46, 0x5E, 0x5A, 0x49, 0x5A,
    0x39, 0x0A, 0x06, 0x22, 0x34, 0x22, 0x37, 0x48, 0x48, 0x5E, 0x37, 0x5E,
    0x34, 0x38, 0x28, 0x0A, 0x04, 0x46, 0x5E, 0x5A, 0x49, 0x5A, 0x38, 0x46,
    0x49, 0x0A, 0x04, 0x38, 0x28, 0x22, 0x34, 0x48, 0x44, 0x5E, 0x34, 0x0A,
    0x03, 0x2E, 0x46, 0x2E, 0x52, 0x36, 0x4A, 0x0A, 0x08, 0x3A, 0x58, 0x46,
    0xCB, 0xAD, 0x46, 0xC2, 0x89, 0x26, 0xBD, 0x5B, 0x26, 0x4E, 0x2E, 0x52,
    0x2E, 0x46, 0x3A, 0xC4, 0x87, 0x0A, 0x04, 0x2E, 0x48, 0x2E, 0x46, 0x26,
    0x42, 0x26, 0x44, 0x0A, 0x04, 0xB9, 0x20, 0xC2, 0x7D, 0x2E, 0x46, 0x2E,
    0x3E, 0xB9, 0x20, 0xBF, 0x4D, 0x0A, 0x04, 0x46, 0x54, 0x46, 0x52, 0x3A,
    0x4C, 0x3A, 0x4E, 0x0A, 0x04, 0x3A, 0x4C, 0x38, 0x4B, 0x38, 0x43, 0x3A,
    0x44, 0x0A, 0x04, 0x28, 0xC2, 0x77, 0x2C, 0xC3, 0x43, 0x2C, 0xC4, 0x27,
    0x28, 0xC3, 0x5B, 0x0A, 0x04, 0x29, 0xC3, 0x8E, 0x2C, 0xC4, 0x27, 0x2C,
    0xC4, 0xA5, 0x29, 0xC4, 0x0C, 0x0A, 0x04, 0x42, 0xC1, 0xEA, 0x56, 0xB9,
    0xF2, 0x38, 0xB3, 0xF8, 0x24, 0xBB, 0xF0, 0x0A, 0x04, 0x48, 0x44, 0x48,
    0x48, 0x5E, 0x37, 0x5E, 0x34, 0x0A, 0x04, 0x22, 0x34, 0x22, 0x37, 0x48,
    0x48, 0x48, 0x44, 0x0A, 0x04, 0x46, 0x30, 0x3A, 0x39, 0x2F, 0x35, 0x3B,
    0x3B, 0x0A, 0x04, 0x3B, 0x2D, 0x46, 0x30, 0x3A, 0x39, 0x2F, 0x35, 0x0A,
    0x05, 0x3C, 0x34, 0x39, 0x35, 0x3C, 0xBB, 0xF7, 0xC1, 0x87, 0xBB, 0xF7,
    0xC1, 0x87, 0x34, 0x0A, 0x08, 0x54, 0x35, 0x51, 0x38, 0xC7, 0xB7, 0x38,
    0xC8, 0x1D, 0x39, 0x57, 0x39, 0x5E, 0x34, 0x59, 0x34, 0x56, 0x35, 0x06,
    0x06, 0xFE, 0x0A, 0x47, 0x26, 0x49, 0x23, 0xC2, 0x9F, 0xB4, 0x8D, 0x49,
    0x23, 0x4B, 0x22, 0x4B, 0x22, 0x4D, 0x21, 0x56, 0x25, 0x54, 0xB4, 0x31,
    0x58, 0x27, 0x59, 0x29, 0x55, 0x2B, 0x02, 0x04, 0x50, 0x33, 0xC7, 0x01,
    0x33, 0xC5, 0x3E, 0x33, 0x4C, 0x35, 0x4C, 0xBA, 0xED, 0x4C, 0xBB, 0xCE,
    0x50, 0x37, 0xC5, 0x3E, 0x37, 0xC7, 0x01, 0x37, 0x54, 0x35, 0x54, 0xBB,
    0xCE, 0x54, 0xBA, 0xED, 0x0A, 0x04, 0x4F, 0x34, 0x4F, 0x2C, 0x51, 0x2C,
    0x51, 0x34, 0x20, 0x0A, 0x01, 0x02, 0x01, 0x00, 0x00, 0x0A, 0x00, 0x01,
    0x02, 0x10, 0x01, 0x17, 0x84, 0x00, 0x04, 0x0A, 0x02, 0x01, 0x04, 0x00,
    0x0A, 0x04, 0x01, 0x06, 0x00, 0x0A, 0x06, 0x01, 0x07, 0x00, 0x0A, 0x07,
    0x04, 0x08, 0x0A, 0x09, 0x0B, 0x00, 0x0A, 0x03, 0x01, 0x0C, 0x08, 0x15,
    0xFF, 0x0A, 0x03, 0x01, 0x0C, 0x28, 0x20, 0x16, 0x15, 0xFF, 0x0A, 0x03,
    0x01, 0x0C, 0x28, 0x2A, 0x1C, 0x15, 0xFF, 0x0A, 0x03, 0x01, 0x0C, 0x28,
    0x36, 0x22, 0x15, 0xFF, 0x0A, 0x03, 0x01, 0x0C, 0x28, 0x36, 0x2C, 0x15,
    0xFF, 0x0A, 0x08, 0x01, 0x0D, 0x08, 0x15, 0xFF, 0x0A, 0x08, 0x01, 0x0D,
    0x28, 0x20, 0x16, 0x15, 0xFF, 0x0A, 0x08, 0x01, 0x0D, 0x28, 0x2A, 0x1C,
    0x15, 0xFF, 0x0A, 0x08, 0x01, 0x0D, 0x28, 0x36, 0x22, 0x15, 0xFF, 0x0A,
    0x08, 0x01, 0x0D, 0x28, 0x36, 0x2C, 0x15, 0xFF, 0x0A, 0x00, 0x01, 0x03,
    0x18, 0x15, 0xFF, 0x01, 0x17, 0x84, 0x00, 0x04, 0x0A, 0x00, 0x01, 0x03,
    0x18, 0x00, 0x15, 0x01, 0x17, 0x86, 0x00, 0x04, 0x0A, 0x08, 0x01, 0x05,
    0x00, 0x0A, 0x05, 0x01, 0x10, 0x00, 0x0A, 0x09, 0x01, 0x0F, 0x00, 0x0A,
    0x05, 0x01, 0x11, 0x00, 0x0A, 0x0A, 0x01, 0x12, 0x00, 0x0A, 0x00, 0x01,
    0x13, 0x00, 0x0A, 0x04, 0x00, 0x00, 0x0A, 0x05, 0x01, 0x14, 0x00, 0x0A,
    0x0B, 0x02, 0x16, 0x17, 0x10, 0x01, 0x17, 0x84, 0x00, 0x04, 0x0A, 0x0C,
    0x01, 0x16, 0x00, 0x0A, 0x0D, 0x01, 0x17, 0x00, 0x0A, 0x00, 0x01, 0x15,
    0x18, 0x15, 0xFF, 0x01, 0x17, 0x84, 0x02, 0x04, 0x0A, 0x00, 0x01, 0x15,
    0x18, 0x00, 0x15, 0x01, 0x17, 0x85, 0x02, 0x04, 0x0A, 0x0E, 0x01, 0x15,
    0x00,
};

/* home -- R_HomeDirIcon */
static const uint8_t tiku_icon_home[407] = {
    0x6E, 0x63, 0x69, 0x66, 0x0A, 0x05, 0x00, 0x02, 0x00, 0x06, 0x02, 0x38,
    0x41, 0x81, 0x3C, 0x9B, 0x3B, 0xBE, 0xAB, 0x39, 0x3A, 0x4F, 0x58, 0x4B,
    0x25, 0x4D, 0x4A, 0x7A, 0xEB, 0x00, 0xFF, 0xE2, 0xAC, 0xFF, 0xF4, 0x98,
    0x06, 0x02, 0x00, 0x16, 0x02, 0x2C, 0x60, 0x67, 0x3C, 0xAA, 0xAB, 0xBE,
    0xBB, 0x08, 0x2E, 0x6E, 0xFB, 0x4B, 0xBA, 0x06, 0x4A, 0x22, 0xB0, 0x00,
    0xFF, 0xFF, 0x8E, 0x02, 0x00, 0x06, 0x02, 0x2C, 0x25, 0xF4, 0x3C, 0x69,
    0x17, 0xBE, 0xBB, 0x08, 0x2E, 0x6E, 0xFB, 0x4B, 0xAF, 0xBF, 0x49, 0x7E,
    0x0B, 0x00, 0xFA, 0xCE, 0x79, 0xFF, 0xBC, 0x41, 0x05, 0x03, 0xA0, 0x3D,
    0x03, 0x02, 0x00, 0x16, 0x02, 0x3A, 0xE3, 0xB4, 0x3C, 0x79, 0xDC, 0xBE,
    0x5B, 0xC5, 0x3C, 0xC0, 0x97, 0x4B, 0x42, 0xAC, 0x47, 0xCA, 0x41, 0x00,
    0x9A, 0xFF, 0x50, 0x04, 0x01, 0x65, 0x03, 0x04, 0xEB, 0x0F, 0x03, 0xF9,
    0x05, 0x05, 0x02, 0x01, 0x16, 0x02, 0x3C, 0x40, 0x5E, 0x00, 0x00, 0x00,
    0x00, 0x00, 0x00, 0x3C, 0x4D, 0xC9, 0x47, 0xE1, 0x86, 0x4B, 0x2D, 0xB6,
    0x32, 0xFF, 0x95, 0x85, 0x0C, 0x0A, 0x06, 0x4A, 0x5D, 0x50, 0x5D, 0x54,
    0x59, 0x58, 0x59, 0x5E, 0x53, 0x50, 0x4F, 0x0A, 0x04, 0x23, 0x2F, 0x2D,
    0x49, 0x4A, 0x5B, 0x46, 0x3E, 0x0A, 0x04, 0x23, 0x2F, 0x46, 0x3E, 0x4A,
    0x5B, 0xC3, 0x23, 0x3C, 0x0A, 0x06, 0x3A, 0x28, 0x2E, 0x49, 0x4A, 0x5A,
    0x5C, 0x2C, 0x50, 0x2A, 0x4C, 0x2C, 0x0A, 0x04, 0x30, 0x2B, 0x30, 0x49,
    0x4A, 0x59, 0x51, 0x36, 0x0A, 0x04, 0x30, 0x2B, 0x51, 0x36, 0x4A, 0x59,
    0x54, 0xBB, 0x1E, 0x0A, 0x0A, 0x23, 0x2F, 0x2D, 0x49, 0x4A, 0x5B, 0x5C,
    0x2C, 0x50, 0x2A, 0x4C, 0x2C, 0x3A, 0x28, 0x38, 0x2D, 0x30, 0x2B, 0xB9,
    0x57, 0xBA, 0xA7, 0x08, 0x02, 0x26, 0x59, 0x38, 0x59, 0x0A, 0x05, 0x36,
    0x58, 0x36, 0x4E, 0x2F, 0x47, 0x28, 0x4E, 0x28, 0x58, 0x0A, 0x04, 0x34,
    0x52, 0x34, 0x54, 0x32, 0x54, 0x32, 0x52, 0x0A, 0x04, 0x2C, 0x58, 0x2C,
    0x50, 0x30, 0x50, 0x30, 0x58, 0x08, 0x03, 0x26, 0x4E, 0x2F, 0x45, 0x38,
    0x4E, 0x0D, 0x0A, 0x06, 0x01, 0x00, 0x00, 0x0A, 0x00, 0x01, 0x06, 0x18,
    0x15, 0xFF, 0x01, 0x17, 0x84, 0x00, 0x04, 0x0A, 0x00, 0x01, 0x06, 0x18,
    0x00, 0x15, 0x01, 0x17, 0x86, 0x00, 0x04, 0x0A, 0x03, 0x01, 0x03, 0x00,
    0x0A, 0x02, 0x01, 0x04, 0x00, 0x0A, 0x05, 0x01, 0x05, 0x00, 0x0A, 0x01,
    0x01, 0x01, 0x00, 0x0A, 0x04, 0x01, 0x02, 0x00, 0x0A, 0x00, 0x04, 0x08,
    0x07, 0x09, 0x0A, 0x10, 0x01, 0x17, 0x84, 0x00, 0x04, 0x0A, 0x09, 0x03,
    0x08, 0x09, 0x0A, 0x00, 0x0A, 0x00, 0x02, 0x0B, 0x07, 0x10, 0x01, 0x17,
    0x86, 0x20, 0x04, 0x0A, 0x07, 0x01, 0x07, 0x10, 0x01, 0x17, 0x82, 0x20,
    0x04, 0x0A, 0x08, 0x01, 0x0B, 0x10, 0x01, 0x17, 0x82, 0x20, 0x04,
};

/* floppy -- R_FloppyIcon */
static const uint8_t tiku_icon_floppy[448] = {
    0x6E, 0x63, 0x69, 0x66, 0x0B, 0x03, 0x01, 0x00, 0x00, 0x01, 0x01, 0x00,
    0x00, 0x6A, 0x02, 0x00, 0x16, 0x02, 0x38, 0x6A, 0xAD, 0x38, 0xEB, 0x7A,
    0xBB, 0x77, 0x73, 0x3A, 0xDE, 0x88, 0x48, 0x8E, 0xDC, 0x4A, 0x75, 0xED,
    0x00, 0x8A, 0xFF, 0x4B, 0x05, 0x30, 0x02, 0x00, 0x16, 0x02, 0x39, 0x48,
    0x97, 0x38, 0x49, 0x4A, 0xBA, 0xDB, 0x69, 0x3C, 0x0D, 0x39, 0x4B, 0x5B,
    0xD1, 0x4A, 0x1E, 0xEC, 0x00, 0x3A, 0xFF, 0x78, 0x02, 0x00, 0x16, 0x02,
    0xB7, 0x16, 0xA4, 0xBA, 0x87, 0xFE, 0x3C, 0xB2, 0x07, 0xB9, 0x49, 0xED,
    0x48, 0x47, 0xD8, 0x4A, 0x1E, 0x62, 0x01, 0x75, 0xFE, 0xC4, 0x02, 0x00,
    0x16, 0x02, 0xB7, 0x16, 0xA4, 0xBA, 0x87, 0xFE, 0x3C, 0xB2, 0x07, 0xB9,
    0x49, 0xED, 0x48, 0x47, 0xD8, 0x4A, 0x1E, 0x62, 0x01, 0x5C, 0xFE, 0x9B,
    0x02, 0x00, 0x16, 0x02, 0x39, 0x17, 0x22, 0x3B, 0x09, 0xFE, 0xBD, 0x22,
    0x41, 0x3B, 0x2F, 0xCE, 0x49, 0xB5, 0xF0, 0x4A, 0x34, 0x11, 0x00, 0xE6,
    0xFF, 0x93, 0x02, 0x00, 0x16, 0x03, 0x33, 0x21, 0x0A, 0x38, 0x29, 0xDF,
    0xBA, 0xB4, 0xC5, 0x35, 0xE9, 0xEC, 0x49, 0xC4, 0xC5, 0x4A, 0x79, 0x7A,
    0x00, 0xE1, 0x6D, 0xFF, 0xFD, 0xD0, 0x02, 0x00, 0x16, 0x02, 0x36, 0x67,
    0xBE, 0x39, 0xDD, 0xBC, 0xBE, 0x50, 0x04, 0x3A, 0xE0, 0x9F, 0x4B, 0x65,
    0x01, 0x49, 0x2A, 0x3F, 0x00, 0xFF, 0xFF, 0xF1, 0x03, 0x38, 0x6D, 0xBE,
    0x0C, 0x0A, 0x05, 0x42, 0x5C, 0x42, 0x40, 0x5C, 0x40, 0x60, 0x42, 0x46,
    0x5C, 0x0A, 0x06, 0x42, 0x5A, 0x5A, 0x42, 0x5A, 0x3E, 0x3A, 0x31, 0x22,
    0x45, 0xB3, 0xCB, 0xC3, 0xBB, 0x0A, 0x04, 0x42, 0x5A, 0x22, 0x4A, 0x22,
    0x45, 0x42, 0x54, 0x0A, 0x04, 0x42, 0x5A, 0x5A, 0x42, 0x5A, 0x3E, 0x42,
    0x54, 0x0A, 0x08, 0x42, 0x54, 0x5A, 0x3E, 0xC7, 0xBA, 0xBD, 0xFC, 0x46,
    0x48, 0x31, 0x3F, 0xBF, 0x38, 0xBA, 0x86, 0x3A, 0x31, 0x22, 0x45, 0x0A,
    0x04, 0x3D, 0xC9, 0x1D, 0xBC, 0x25, 0xC7, 0xE8, 0xBC, 0x22, 0xC5, 0xA5,
    0xBE, 0x8F, 0xC6, 0xCA, 0x0A, 0x04, 0xBC, 0x25, 0xC7, 0xE8, 0xB6, 0x34,
    0xC4, 0xEF, 0x28, 0xC2, 0xDC, 0xBC, 0x22, 0xC5, 0xA5, 0x0A, 0x04, 0xBE,
    0xBB, 0xC3, 0x23, 0xC1, 0x17, 0xC4, 0x35, 0x3D, 0x52, 0xBC, 0x1F, 0xC5,
    0xC3, 0x0A, 0x04, 0x2F, 0x42, 0xBE, 0xBB, 0xC3, 0x23, 0xBC, 0x1F, 0xC5,
    0xC3, 0x28, 0x48, 0x0A, 0x04, 0x46, 0x48, 0xC7, 0xBA, 0xBD, 0xFC, 0xBF,
    0x38, 0xBA, 0x86, 0x31, 0x3F, 0x08, 0x02, 0x35, 0x3E, 0x46, 0xC1, 0xE3,
    0x0A, 0x04, 0xB9, 0x46, 0xC3, 0xD5, 0x34, 0x46, 0x30, 0xC1, 0x7D, 0xB7,
    0xAE, 0xC3, 0x09, 0x0C, 0x0A, 0x01, 0x01, 0x00, 0x00, 0x0A, 0x00, 0x01,
    0x01, 0x10, 0x01, 0x17, 0x84, 0x00, 0x04, 0x0A, 0x02, 0x01, 0x02, 0x00,
    0x0A, 0x04, 0x01, 0x03, 0x00, 0x0A, 0x05, 0x01, 0x04, 0x00, 0x0A, 0x03,
    0x01, 0x05, 0x00, 0x0A, 0x06, 0x01, 0x07, 0x00, 0x0A, 0x07, 0x01, 0x06,
    0x00, 0x0A, 0x08, 0x01, 0x08, 0x00, 0x0A, 0x09, 0x01, 0x09, 0x00, 0x0A,
    0x0A, 0x01, 0x0A, 0x18, 0x15, 0xFF, 0x01, 0x17, 0x81, 0x00, 0x04, 0x0A,
    0x00, 0x01, 0x0B, 0x00,
};

/* cd -- R_CDIcon */
static const uint8_t tiku_icon_cd[232] = {
    0x6E, 0x63, 0x69, 0x66, 0x05, 0x05, 0x00, 0x02, 0x03, 0x06, 0x05, 0xB8,
    0x12, 0xA5, 0xBE, 0x03, 0xE1, 0x3D, 0xE7, 0x84, 0xB8, 0x02, 0x10, 0x49,
    0xF7, 0x9F, 0x4A, 0x16, 0xEC, 0x00, 0xF1, 0xF1, 0xF1, 0x36, 0xD9, 0xDD,
    0xF4, 0x8A, 0x99, 0x96, 0xB9, 0xB4, 0xB8, 0xBE, 0xDB, 0xFF, 0xF4, 0xF4,
    0xF4, 0x04, 0xEB, 0xD0, 0x02, 0x00, 0x06, 0x02, 0x3C, 0x92, 0xC0, 0x38,
    0x8F, 0x5F, 0xB8, 0x54, 0x50, 0x3C, 0x57, 0x63, 0x48, 0xD8, 0xDF, 0x48,
    0xC9, 0x5B, 0x00, 0x41, 0x37, 0xA9, 0xFF, 0xB9, 0xB9, 0xB9, 0x04, 0x01,
    0x7E, 0x04, 0x02, 0x04, 0x3F, 0x2E, 0x4E, 0x2E, 0x30, 0x2E, 0x22, 0x42,
    0x22, 0x36, 0x22, 0x4E, 0x3F, 0x56, 0x30, 0x56, 0x4E, 0x56, 0x5C, 0x42,
    0x5C, 0x4E, 0x5C, 0x36, 0x02, 0x04, 0x3F, 0x3C, 0x43, 0x3C, 0x3B, 0x3C,
    0x39, 0x40, 0x39, 0x3E, 0x39, 0x42, 0x3F, 0x44, 0x3B, 0x44, 0x43, 0x44,
    0x45, 0x40, 0x45, 0x42, 0x45, 0x3E, 0x02, 0x04, 0x4B, 0x40, 0x4B, 0x3C,
    0x4B, 0x44, 0x3F, 0x48, 0x47, 0x48, 0x37, 0x48, 0x33, 0x40, 0x33, 0x44,
    0x33, 0x3C, 0x3F, 0xBC, 0xC3, 0x37, 0xBC, 0xC3, 0x47, 0xBC, 0xC3, 0x02,
    0x04, 0x40, 0x2C, 0x54, 0x2C, 0x50, 0x2E, 0x5C, 0x42, 0x5C, 0x36, 0x5C,
    0x4E, 0x40, 0x58, 0x50, 0x56, 0x54, 0x58, 0x60, 0x42, 0x60, 0x4E, 0x60,
    0x36, 0x05, 0x0A, 0x04, 0x01, 0x03, 0x00, 0x0A, 0x00, 0x02, 0x00, 0x01,
    0x10, 0x01, 0x17, 0x84, 0x00, 0x04, 0x0A, 0x01, 0x02, 0x00, 0x02, 0x00,
    0x0A, 0x02, 0x02, 0x02, 0x01, 0x00, 0x0A, 0x03, 0x01, 0x02, 0x10, 0x01,
    0x17, 0x82, 0x00, 0x04,
};

/* folder_system -- R_BeosFolderIcon */
static const uint8_t tiku_icon_folder_system[397] = {
    0x6E, 0x63, 0x69, 0x66, 0x08, 0x05, 0x00, 0x02, 0x00, 0x06, 0x02, 0x38,
    0x41, 0x81, 0x3C, 0x9B, 0x3B, 0xBE, 0xAB, 0x39, 0x3A, 0x4F, 0x58, 0x4B,
    0x25, 0x4D, 0x4A, 0x7A, 0xEB, 0x00, 0xFF, 0xE2, 0xAC, 0xFF, 0xF4, 0x98,
    0x06, 0x02, 0x00, 0x16, 0x02, 0x2C, 0x60, 0x67, 0x3C, 0xAA, 0xAB, 0xBE,
    0xBB, 0x08, 0x2E, 0x6E, 0xFB, 0x4B, 0xBA, 0x06, 0x4A, 0x22, 0xB0, 0x00,
    0xFF, 0xFF, 0x8E, 0x02, 0x00, 0x06, 0x02, 0x2C, 0x25, 0xF4, 0x3C, 0x69,
    0x17, 0xBE, 0xBB, 0x08, 0x2E, 0x6E, 0xFB, 0x4B, 0xAF, 0xBF, 0x49, 0x7E,
    0x0B, 0x00, 0xFA, 0xCE, 0x79, 0xFF, 0xBC, 0x41, 0x05, 0x03, 0xA0, 0x3D,
    0x03, 0x02, 0x00, 0x16, 0x02, 0x3A, 0xE3, 0xB4, 0x3C, 0x79, 0xDC, 0xBE,
    0x5B, 0xC5, 0x3C, 0xC0, 0x97, 0x4B, 0x42, 0xAC, 0x47, 0xCA, 0x41, 0x00,
    0x9A, 0xFF, 0x50, 0x04, 0x01, 0x65, 0x02, 0x01, 0x06, 0x02, 0x38, 0xCC,
    0x87, 0xBD, 0x08, 0x3D, 0x3D, 0xCC, 0x62, 0x39, 0x81, 0x95, 0x46, 0x09,
    0x92, 0x4A, 0x99, 0x6B, 0x00, 0xFF, 0xB1, 0x1B, 0xFF, 0xFF, 0xF9, 0xC7,
    0x08, 0x0A, 0x06, 0x4A, 0x5D, 0x50, 0x5D, 0x54, 0x59, 0x58, 0x59, 0x5E,
    0x53, 0x50, 0x4F, 0x0A, 0x04, 0x23, 0x2F, 0x2D, 0x49, 0x4A, 0x5B, 0x46,
    0x3E, 0x0A, 0x04, 0x23, 0x2F, 0x46, 0x3E, 0x4A, 0x5B, 0xC3, 0x23, 0x3C,
    0x0A, 0x06, 0x3A, 0x28, 0x2E, 0x49, 0x4A, 0x5A, 0x5C, 0x2C, 0x50, 0x2A,
    0x4C, 0x2C, 0x0A, 0x04, 0x30, 0x2B, 0x30, 0x49, 0x4A, 0x59, 0x51, 0x36,
    0x0A, 0x04, 0x30, 0x2B, 0x51, 0x36, 0x4A, 0x59, 0x54, 0xBB, 0x1E, 0x0A,
    0x0A, 0x23, 0x2F, 0x2D, 0x49, 0x4A, 0x5B, 0x5C, 0x2C, 0x50, 0x2A, 0x4C,
    0x2C, 0x3A, 0x28, 0x38, 0x2D, 0x30, 0x2B, 0xB9, 0x57, 0xBA, 0xA7, 0x06,
    0x0D, 0xEE, 0x1F, 0xBF, 0x03, 0x2F, 0x44, 0x2B, 0x4F, 0x2B, 0x48, 0x29,
    0x4B, 0x24, 0x4A, 0x29, 0x53, 0x23, 0x50, 0x29, 0x53, 0x23, 0x54, 0x29,
    0x54, 0x23, 0x54, 0x2E, 0x58, 0x26, 0x5A, 0x2E, 0x58, 0x5C, 0x30, 0x30,
    0x58, 0x30, 0x58, 0x38, 0x5A, 0x3B, 0x54, 0x3B, 0x54, 0x35, 0x54, 0x35,
    0x53, 0x35, 0x53, 0x3B, 0x50, 0x3A, 0x4A, 0x33, 0x4F, 0x35, 0x4B, 0x33,
    0x48, 0x0B, 0x0A, 0x06, 0x01, 0x00, 0x00, 0x0A, 0x00, 0x01, 0x06, 0x18,
    0x15, 0xFF, 0x01, 0x17, 0x84, 0x00, 0x04, 0x0A, 0x00, 0x01, 0x06, 0x18,
    0x00, 0x15, 0x01, 0x17, 0x86, 0x00, 0x04, 0x0A, 0x03, 0x01, 0x03, 0x00,
    0x0A, 0x02, 0x01, 0x04, 0x00, 0x0A, 0x05, 0x01, 0x05, 0x00, 0x0A, 0x01,
    0x01, 0x01, 0x00, 0x0A, 0x04, 0x01, 0x02, 0x00, 0x0A, 0x00, 0x01, 0x07,
    0x18, 0x15, 0xFF, 0x01, 0x17, 0x84, 0x00, 0x04, 0x0A, 0x00, 0x01, 0x07,
    0x18, 0x00, 0x15, 0x01, 0x17, 0x86, 0x00, 0x04, 0x0A, 0x07, 0x01, 0x07,
    0x00,
};

/* folder_apps -- R_AppsDirIcon */
static const uint8_t tiku_icon_folder_apps[452] = {
    0x6E, 0x63, 0x69, 0x66, 0x0A, 0x05, 0x00, 0x02, 0x00, 0x06, 0x02, 0x38,
    0x41, 0x81, 0x3C, 0x9B, 0x3B, 0xBE, 0xAB, 0x39, 0x3A, 0x4F, 0x58, 0x4B,
    0x25, 0x4D, 0x4A, 0x7A, 0xEB, 0x00, 0xFF, 0xE2, 0xAC, 0xFF, 0xF4, 0x98,
    0x06, 0x02, 0x00, 0x16, 0x02, 0x2C, 0x60, 0x67, 0x3C, 0xAA, 0xAB, 0xBE,
    0xBB, 0x08, 0x2E, 0x6E, 0xFB, 0x4B, 0xBA, 0x06, 0x4A, 0x22, 0xB0, 0x00,
    0xFF, 0xFF, 0x8E, 0x02, 0x00, 0x06, 0x02, 0x2C, 0x25, 0xF4, 0x3C, 0x69,
    0x17, 0xBE, 0xBB, 0x08, 0x2E, 0x6E, 0xFB, 0x4B, 0xAF, 0xBF, 0x49, 0x7E,
    0x0B, 0x00, 0xFA, 0xCE, 0x79, 0xFF, 0xBC, 0x41, 0x05, 0x03, 0xA0, 0x3D,
    0x03, 0x02, 0x00, 0x16, 0x02, 0x3A, 0xE3, 0xB4, 0x3C, 0x79, 0xDC, 0xBE,
    0x5B, 0xC5, 0x3C, 0xC0, 0x97, 0x4B, 0x42, 0xAC, 0x47, 0xCA, 0x41, 0x00,
    0x9A, 0xFF, 0x50, 0x04, 0x01, 0x65, 0x02, 0x00, 0x06, 0x02, 0x37, 0x88,
    0x9D, 0x38, 0x95, 0x54, 0xBB, 0xFC, 0x4A, 0x3A, 0xB9, 0xD0, 0x49, 0x1A,
    0xDE, 0x4A, 0x42, 0x20, 0x00, 0xFF, 0xF9, 0xBA, 0xFF, 0xFF, 0xC1, 0x04,
    0x02, 0x00, 0x06, 0x02, 0x38, 0x82, 0xA6, 0x38, 0x93, 0x53, 0xBB, 0x17,
    0x7D, 0x3B, 0x03, 0x78, 0x48, 0x4A, 0xDD, 0x4A, 0xF2, 0x77, 0x00, 0xC7,
    0xE3, 0xFF, 0xFF, 0x39, 0x2F, 0xFF, 0x02, 0x00, 0x06, 0x02, 0x37, 0xA0,
    0xCC, 0x39, 0x3C, 0x5A, 0xBC, 0x1A, 0xC2, 0x3A, 0x5C, 0x16, 0x4A, 0x19,
    0xB9, 0x4A, 0xFE, 0x54, 0x00, 0xFF, 0x97, 0x97, 0xFF, 0xCE, 0x32, 0x32,
    0x0A, 0x0A, 0x06, 0x4A, 0x5D, 0x50, 0x5D, 0x54, 0x59, 0x58, 0x59, 0x5E,
    0x53, 0x50, 0x4F, 0x0A, 0x04, 0x23, 0x2F, 0x2D, 0x49, 0x4A, 0x5B, 0x46,
    0x3E, 0x0A, 0x04, 0x23, 0x2F, 0x46, 0x3E, 0x4A, 0x5B, 0xC3, 0x23, 0x3C,
    0x0A, 0x06, 0x3A, 0x28, 0x2E, 0x49, 0x4A, 0x5A, 0x5C, 0x2C, 0x50, 0x2A,
    0x4C, 0x2C, 0x0A, 0x04, 0x30, 0x2B, 0x30, 0x49, 0x4A, 0x59, 0x51, 0x36,
    0x0A, 0x04, 0x30, 0x2B, 0x51, 0x36, 0x4A, 0x59, 0x54, 0xBB, 0x1E, 0x0A,
    0x0A, 0x23, 0x2F, 0x2D, 0x49, 0x4A, 0x5B, 0x5C, 0x2C, 0x50, 0x2A, 0x4C,
    0x2C, 0x3A, 0x28, 0x38, 0x2D, 0x30, 0x2B, 0xB9, 0x57, 0xBA, 0xA7, 0x0A,
    0x06, 0x2C, 0x47, 0x2C, 0x4E, 0x32, 0x51, 0x36, 0x4E, 0x36, 0x47, 0x30,
    0x44, 0x0A, 0x06, 0x26, 0x52, 0x26, 0x59, 0x2C, 0x5C, 0x30, 0x59, 0x30,
    0x52, 0x2A, 0x4F, 0x0A, 0x06, 0x32, 0x53, 0x32, 0x59, 0x38, 0x5C, 0x3C,
    0x59, 0x3C, 0x52, 0x37, 0xC5, 0xD3, 0x0D, 0x0A, 0x06, 0x01, 0x00, 0x00,
    0x0A, 0x00, 0x01, 0x06, 0x18, 0x15, 0xFF, 0x01, 0x17, 0x84, 0x00, 0x04,
    0x0A, 0x00, 0x01, 0x06, 0x18, 0x00, 0x15, 0x01, 0x17, 0x86, 0x00, 0x04,
    0x0A, 0x03, 0x01, 0x03, 0x00, 0x0A, 0x02, 0x01, 0x04, 0x00, 0x0A, 0x05,
    0x01, 0x05, 0x00, 0x0A, 0x01, 0x01, 0x01, 0x00, 0x0A, 0x04, 0x01, 0x02,
    0x00, 0x0A, 0x00, 0x03, 0x07, 0x08, 0x09, 0x18, 0x15, 0xFF, 0x01, 0x17,
    0x84, 0x00, 0x04, 0x0A, 0x00, 0x03, 0x07, 0x08, 0x09, 0x18, 0x00, 0x15,
    0x01, 0x17, 0x86, 0x00, 0x04, 0x0A, 0x07, 0x01, 0x07, 0x00, 0x0A, 0x08,
    0x01, 0x08, 0x00, 0x0A, 0x09, 0x01, 0x09, 0x00,
};

/* folder_prefs -- R_PrefsDirIcon */
static const uint8_t tiku_icon_folder_prefs[367] = {
    0x6E, 0x63, 0x69, 0x66, 0x09, 0x05, 0x00, 0x02, 0x00, 0x06, 0x02, 0x38,
    0x41, 0x81, 0x3C, 0x9B, 0x3B, 0xBE, 0xAB, 0x39, 0x3A, 0x4F, 0x58, 0x4B,
    0x25, 0x4D, 0x4A, 0x7A, 0xEB, 0x00, 0xFF, 0xE2, 0xAC, 0xFF, 0xF4, 0x98,
    0x06, 0x02, 0x00, 0x16, 0x02, 0x2C, 0x60, 0x67, 0x3C, 0xAA, 0xAB, 0xBE,
    0xBB, 0x08, 0x2E, 0x6E, 0xFB, 0x4B, 0xBA, 0x06, 0x4A, 0x22, 0xB0, 0x00,
    0xFF, 0xFF, 0x8E, 0x02, 0x00, 0x06, 0x02, 0x2C, 0x25, 0xF4, 0x3C, 0x69,
    0x17, 0xBE, 0xBB, 0x08, 0x2E, 0x6E, 0xFB, 0x4B, 0xAF, 0xBF, 0x49, 0x7E,
    0x0B, 0x00, 0xFA, 0xCE, 0x79, 0xFF, 0xBC, 0x41, 0x05, 0x03, 0xA0, 0x3D,
    0x03, 0x02, 0x00, 0x16, 0x02, 0x3A, 0xE3, 0xB4, 0x3C, 0x79, 0xDC, 0xBE,
    0x5B, 0xC5, 0x3C, 0xC0, 0x97, 0x4B, 0x42, 0xAC, 0x47, 0xCA, 0x41, 0x00,
    0x9A, 0xFF, 0x50, 0x04, 0x01, 0x65, 0x03, 0x01, 0x00, 0x00, 0x02, 0x00,
    0x16, 0x02, 0x39, 0xF2, 0x06, 0x38, 0xAB, 0x65, 0xBE, 0x3D, 0xD6, 0x3F,
    0x50, 0x1B, 0x4A, 0x4E, 0x27, 0x48, 0x8B, 0x26, 0x00, 0xEB, 0xFF, 0xAD,
    0x08, 0x0A, 0x06, 0x4A, 0x5D, 0x50, 0x5D, 0x54, 0x59, 0x58, 0x59, 0x5E,
    0x53, 0x50, 0x4F, 0x0A, 0x04, 0x23, 0x2F, 0x2D, 0x49, 0x4A, 0x5B, 0x46,
    0x3E, 0x0A, 0x04, 0x23, 0x2F, 0x46, 0x3E, 0x4A, 0x5B, 0xC3, 0x23, 0x3C,
    0x0A, 0x06, 0x3A, 0x28, 0x2E, 0x49, 0x4A, 0x5A, 0x5C, 0x2C, 0x50, 0x2A,
    0x4C, 0x2C, 0x0A, 0x04, 0x30, 0x2B, 0x30, 0x49, 0x4A, 0x59, 0x51, 0x36,
    0x0A, 0x04, 0x30, 0x2B, 0x51, 0x36, 0x4A, 0x59, 0x54, 0xBB, 0x1E, 0x0A,
    0x0A, 0x23, 0x2F, 0x2D, 0x49, 0x4A, 0x5B, 0x5C, 0x2C, 0x50, 0x2A, 0x4C,
    0x2C, 0x3A, 0x28, 0x38, 0x2D, 0x30, 0x2B, 0xB9, 0x57, 0xBA, 0xA7, 0x06,
    0x0E, 0xA6, 0x99, 0x6D, 0x06, 0x2C, 0x42, 0x48, 0x30, 0x4A, 0x34, 0x48,
    0x42, 0x38, 0x46, 0x4C, 0x34, 0x4F, 0x5C, 0x30, 0x5E, 0x34, 0x5E, 0x2C,
    0x5E, 0x2C, 0x5C, 0x4F, 0x28, 0x4C, 0x46, 0x0B, 0x0A, 0x06, 0x01, 0x00,
    0x00, 0x0A, 0x00, 0x01, 0x06, 0x18, 0x15, 0xFF, 0x01, 0x17, 0x84, 0x00,
    0x04, 0x0A, 0x00, 0x01, 0x06, 0x18, 0x00, 0x15, 0x01, 0x17, 0x86, 0x00,
    0x04, 0x0A, 0x03, 0x01, 0x03, 0x00, 0x0A, 0x02, 0x01, 0x04, 0x00, 0x0A,
    0x05, 0x01, 0x05, 0x00, 0x0A, 0x01, 0x01, 0x01, 0x00, 0x0A, 0x04, 0x01,
    0x02, 0x00, 0x0A, 0x07, 0x01, 0x07, 0x18, 0x15, 0xFF, 0x01, 0x17, 0x84,
    0x02, 0x04, 0x0A, 0x07, 0x01, 0x07, 0x18, 0x00, 0x15, 0x01, 0x17, 0x86,
    0x02, 0x04, 0x0A, 0x08, 0x01, 0x07, 0x00,
};

/* folder_config -- R_ConfigDirIcon */
static const uint8_t tiku_icon_folder_config[767] = {
    0x6E, 0x63, 0x69, 0x66, 0x08, 0x05, 0x00, 0x02, 0x00, 0x06, 0x02, 0x38,
    0x41, 0x81, 0x3C, 0x9B, 0x3B, 0xBE, 0xAB, 0x39, 0x3A, 0x4F, 0x58, 0x4B,
    0x25, 0x4D, 0x4A, 0x7A, 0xEB, 0x00, 0xFF, 0xE2, 0xAC, 0xFF, 0xF4, 0x98,
    0x06, 0x02, 0x00, 0x16, 0x02, 0x2C, 0x60, 0x67, 0x3C, 0xAA, 0xAB, 0xBE,
    0xBB, 0x08, 0x2E, 0x6E, 0xFB, 0x4B, 0xBA, 0x06, 0x4A, 0x22, 0xB0, 0x00,
    0xFF, 0xFF, 0x8E, 0x02, 0x00, 0x06, 0x02, 0x2C, 0x25, 0xF4, 0x3C, 0x69,
    0x17, 0xBE, 0xBB, 0x08, 0x2E, 0x6E, 0xFB, 0x4B, 0xAF, 0xBF, 0x49, 0x7E,
    0x0B, 0x00, 0xFA, 0xCE, 0x79, 0xFF, 0xBC, 0x41, 0x05, 0x03, 0xA0, 0x3D,
    0x03, 0x02, 0x00, 0x16, 0x02, 0x3A, 0xE3, 0xB4, 0x3C, 0x79, 0xDC, 0xBE,
    0x5B, 0xC5, 0x3C, 0xC0, 0x97, 0x4B, 0x42, 0xAC, 0x47, 0xCA, 0x41, 0x00,
    0x9A, 0xFF, 0x50, 0x04, 0x01, 0x65, 0x02, 0x00, 0x06, 0x02, 0x3C, 0x33,
    0x5B, 0x3A, 0xD3, 0x3A, 0xBA, 0xF8, 0x93, 0x3C, 0x50, 0x73, 0x49, 0x75,
    0xEB, 0x49, 0xB9, 0xA1, 0x00, 0xF7, 0xF9, 0xFF, 0xFF, 0x98, 0x9D, 0xB0,
    0x09, 0x0A, 0x06, 0x4A, 0x5D, 0x50, 0x5D, 0x54, 0x59, 0x58, 0x59, 0x5E,
    0x53, 0x50, 0x4F, 0x0A, 0x04, 0x23, 0x2F, 0x2D, 0x49, 0x4A, 0x5B, 0x46,
    0x3E, 0x0A, 0x04, 0x23, 0x2F, 0x46, 0x3E, 0x4A, 0x5B, 0xC3, 0x23, 0x3C,
    0x0A, 0x06, 0x3A, 0x28, 0x2E, 0x49, 0x4A, 0x5A, 0x5C, 0x2C, 0x50, 0x2A,
    0x4C, 0x2C, 0x0A, 0x04, 0x30, 0x2B, 0x30, 0x49, 0x4A, 0x59, 0x51, 0x36,
    0x0A, 0x04, 0x30, 0x2B, 0x51, 0x36, 0x4A, 0x59, 0x54, 0xBB, 0x1E, 0x0A,
    0x0A, 0x23, 0x2F, 0x2D, 0x49, 0x4A, 0x5B, 0x5C, 0x2C, 0x50, 0x2A, 0x4C,
    0x2C, 0x3A, 0x28, 0x38, 0x2D, 0x30, 0x2B, 0xB9, 0x57, 0xBA, 0xA7, 0x02,
    0x21, 0xB8, 0xB3, 0xC0, 0xF3, 0xB8, 0xB3, 0xC0, 0xF3, 0xB7, 0xC5, 0xC0,
    0xFF, 0xB6, 0x2B, 0xC1, 0xC4, 0xB6, 0xE8, 0xC1, 0x4A, 0xB6, 0x2B, 0xC1,
    0xC4, 0xB6, 0x5C, 0xC2, 0x98, 0xB6, 0x26, 0xC2, 0x42, 0xB6, 0x5C, 0xC2,
    0x98, 0xB6, 0xCC, 0xC3, 0x45, 0xB6, 0xCC, 0xC3, 0x45, 0xB6, 0x3E, 0xC3,
    0xB1, 0xB5, 0x95, 0xC4, 0xF2, 0xB5, 0xD1, 0xC4, 0x45, 0xB5, 0x95, 0xC4,
    0xF2, 0xB4, 0xD2, 0xC4, 0xBF, 0xB4, 0xD2, 0xC4, 0xBF, 0xB4, 0x6F, 0xC4,
    0xA5, 0xB3, 0xF7, 0xC4, 0xCE, 0xB3, 0xF7, 0xC4, 0xCE, 0xB3, 0xDC, 0xC5,
    0x38, 0xB3, 0xCE, 0xC6, 0x1B, 0xB3, 0xCE, 0xC5, 0xA8, 0xB3, 0xCE, 0xC6,
    0x95, 0xB3, 0xFB, 0xC7, 0x79, 0xB3, 0xDD, 0xC7, 0x0A, 0xB3, 0xFB, 0xC7,
    0x79, 0xB4, 0xD5, 0xC7, 0x87, 0xB4, 0x72, 0xC7, 0xA2, 0xB4, 0xD5, 0xC7,
    0x87, 0xB5, 0x99, 0xC7, 0x50, 0xB5, 0x99, 0xC7, 0x50, 0xB5, 0xD5, 0xC7,
    0xF9, 0xB6, 0xCF, 0xC8, 0xF6, 0xB6, 0x42, 0xC8, 0x8C, 0xB6, 0xCF, 0xC8,
    0xF6, 0xB6, 0x60, 0xC9, 0xA0, 0xB6, 0x60, 0xC9, 0xA0, 0xB6, 0x29, 0xC9,
    0xF6, 0xB6, 0x2E, 0xCA, 0x75, 0xB6, 0x2E, 0xCA, 0x75, 0xB6, 0xEA, 0xCA,
    0xEE, 0xB8, 0xB4, 0xCB, 0x44, 0xB7, 0xC6, 0xCB, 0x38, 0xB8, 0xB4, 0xCB,
    0x44, 0xB9, 0x04, 0xCA, 0x7D, 0xB8, 0xFF, 0xCA, 0xE2, 0xB9, 0x04, 0xCA,
    0x7D, 0xB9, 0x0D, 0xC9, 0xAE, 0xB9, 0x0D, 0xC9, 0xAE, 0x31, 0xC9, 0xAB,
    0xBB, 0x02, 0xC9, 0x0E, 0xBA, 0x72, 0xC9, 0x70, 0xBB, 0x02, 0xC9, 0x0E,
    0xBB, 0x81, 0xC9, 0xAD, 0xBB, 0x81, 0xC9, 0xAD, 0xBB, 0xC0, 0xC9, 0xFC,
    0xBC, 0x39, 0xCA, 0x21, 0xBC, 0x39, 0xCA, 0x21, 0xBC, 0xEA, 0xC9, 0x91,
    0xBD, 0xCB, 0xC7, 0xFB, 0xBD, 0x76, 0xC8, 0xD4, 0xBD, 0xCB, 0xC7, 0xFB,
    0xBD, 0x26, 0xC7, 0x72, 0xBD, 0x84, 0xC7, 0x98, 0xBD, 0x26, 0xC7, 0x72,
    0xBC, 0x67, 0xC7, 0x26, 0xBC, 0x67, 0xC7, 0x26, 0xBC, 0x80, 0xC6, 0xD2,
    0xBC, 0x8D, 0xC6, 0x1C, 0xBC, 0x8D, 0xC6, 0x78, 0xBC, 0x8D, 0xC5, 0xC4,
    0xBC, 0x6A, 0xC5, 0x1C, 0xBC, 0x81, 0xC5, 0x6E, 0xBC, 0x6A, 0xC5, 0x1C,
    0xBD, 0x27, 0xC4, 0xD5, 0xBD, 0x27, 0xC4, 0xD5, 0xBD, 0x87, 0xC4, 0xB1,
    0xBD, 0xD0, 0xC4, 0x48, 0xBD, 0xD0, 0xC4, 0x48, 0xBD, 0x7D, 0xC3, 0x6D,
    0xBC, 0x3E, 0xC2, 0x1B, 0xBC, 0xF1, 0xC2, 0xAD, 0xBC, 0x3E, 0xC2, 0x1B,
    0xBB, 0x87, 0xC2, 0x90, 0xBB, 0xC8, 0xC2, 0x40, 0xBB, 0x87, 0xC2, 0x90,
    0xBB, 0x08, 0xC3, 0x2F, 0xBB, 0x08, 0xC3, 0x2F, 0xBA, 0x78, 0xC2, 0xCB,
    0xB9, 0x0D, 0x47, 0xB9, 0xCA, 0xC2, 0x8E, 0xB9, 0x0D, 0x47, 0xB9, 0x04,
    0xC1, 0xBB, 0xB9, 0x04, 0xC1, 0xBB, 0xB9, 0x00, 0xC1, 0x55, 0xB8, 0xB4,
    0xC0, 0xF3, 0xB8, 0xB4, 0xC0, 0xF3, 0xB8, 0xB4, 0xC0, 0xF3, 0x02, 0x04,
    0x33, 0x50, 0x33, 0xC5, 0x3E, 0x33, 0xC7, 0x00, 0x2F, 0x54, 0xB9, 0xDB,
    0x54, 0xB8, 0x19, 0x54, 0x2B, 0x50, 0x2B, 0xC7, 0x01, 0x2B, 0xC5, 0x3F,
    0x2F, 0x4C, 0xB8, 0x18, 0x4C, 0xB9, 0xDA, 0x4C, 0x0B, 0x0A, 0x06, 0x01,
    0x00, 0x00, 0x0A, 0x00, 0x01, 0x06, 0x18, 0x15, 0xFF, 0x01, 0x17, 0x84,
    0x00, 0x04, 0x0A, 0x00, 0x01, 0x06, 0x18, 0x00, 0x15, 0x01, 0x17, 0x86,
    0x00, 0x04, 0x0A, 0x03, 0x01, 0x03, 0x00, 0x0A, 0x02, 0x01, 0x04, 0x00,
    0x0A, 0x05, 0x01, 0x05, 0x00, 0x0A, 0x01, 0x01, 0x01, 0x00, 0x0A, 0x04,
    0x01, 0x02, 0x00, 0x0A, 0x00, 0x02, 0x07, 0x08, 0x18, 0x15, 0xFF, 0x01,
    0x17, 0x84, 0x00, 0x04, 0x0A, 0x00, 0x02, 0x07, 0x08, 0x18, 0x00, 0x15,
    0x01, 0x17, 0x86, 0x00, 0x04, 0x0A, 0x07, 0x02, 0x07, 0x08, 0x00,
};

/* folder_downloads -- R_DownloadDirIcon */
static const uint8_t tiku_icon_folder_downloads[474] = {
    0x6E, 0x63, 0x69, 0x66, 0x0B, 0x05, 0x00, 0x02, 0x00, 0x06, 0x02, 0x38,
    0x41, 0x81, 0x3C, 0x9B, 0x3B, 0xBE, 0xAB, 0x39, 0x3A, 0x4F, 0x58, 0x4B,
    0x25, 0x4D, 0x4A, 0x7A, 0xEB, 0x00, 0xFF, 0xE2, 0xAC, 0xFF, 0xF4, 0x98,
    0x06, 0x02, 0x00, 0x16, 0x02, 0x2C, 0x60, 0x67, 0x3C, 0xAA, 0xAB, 0xBE,
    0xBB, 0x08, 0x2E, 0x6E, 0xFB, 0x4B, 0xBA, 0x06, 0x4A, 0x22, 0xB0, 0x00,
    0xFF, 0xFF, 0x8E, 0x02, 0x00, 0x06, 0x02, 0x2C, 0x25, 0xF4, 0x3C, 0x69,
    0x17, 0xBE, 0xBB, 0x08, 0x2E, 0x6E, 0xFB, 0x4B, 0xAF, 0xBF, 0x49, 0x7E,
    0x0B, 0x00, 0xFA, 0xCE, 0x79, 0xFF, 0xBC, 0x41, 0x05, 0x03, 0xA0, 0x3D,
    0x03, 0x02, 0x00, 0x16, 0x02, 0x3A, 0xE3, 0xB4, 0x3C, 0x79, 0xDC, 0xBE,
    0x5B, 0xC5, 0x3C, 0xC0, 0x97, 0x4B, 0x42, 0xAC, 0x47, 0xCA, 0x41, 0x00,
    0x9A, 0xFF, 0x50, 0x04, 0x01, 0x65, 0x02, 0x00, 0x06, 0x02, 0x38, 0xD5,
    0xD3, 0x38, 0xD2, 0x68, 0xBB, 0x3F, 0x91, 0x3B, 0x43, 0x81, 0x49, 0x5C,
    0x5A, 0x4A, 0x11, 0x43, 0x00, 0xAD, 0xFF, 0x89, 0xFF, 0x21, 0xCE, 0x21,
    0x02, 0x00, 0x06, 0x02, 0x39, 0xA5, 0x29, 0x3A, 0xF9, 0xE3, 0xBC, 0x23,
    0x85, 0x3A, 0x9E, 0x99, 0x48, 0xE4, 0x6C, 0x4A, 0xCA, 0xE9, 0x00, 0x5C,
    0x64, 0xF5, 0xFF, 0x29, 0x05, 0xC3, 0x05, 0xF1, 0x02, 0x00, 0x16, 0x02,
    0x38, 0x8D, 0x3C, 0x39, 0x63, 0x02, 0xBC, 0x21, 0x3B, 0x3B, 0x35, 0x98,
    0x48, 0xE8, 0xF3, 0x4A, 0xF4, 0x3D, 0x00, 0x9C, 0xFF, 0xCC, 0x0B, 0x0A,
    0x06, 0x4A, 0x5D, 0x50, 0x5D, 0x54, 0x59, 0x58, 0x59, 0x5E, 0x53, 0x50,
    0x4F, 0x0A, 0x04, 0x23, 0x2F, 0x2D, 0x49, 0x4A, 0x5B, 0x46, 0x3E, 0x0A,
    0x04, 0x23, 0x2F, 0x46, 0x3E, 0x4A, 0x5B, 0xC3, 0x23, 0x3C, 0x0A, 0x06,
    0x3A, 0x28, 0x2E, 0x49, 0x4A, 0x5A, 0x5C, 0x2C, 0x50, 0x2A, 0x4C, 0x2C,
    0x0A, 0x04, 0x30, 0x2B, 0x30, 0x49, 0x4A, 0x59, 0x51, 0x36, 0x0A, 0x04,
    0x30, 0x2B, 0x51, 0x36, 0x4A, 0x59, 0x54, 0xBB, 0x1E, 0x0A, 0x0A, 0x23,
    0x2F, 0x2D, 0x49, 0x4A, 0x5B, 0x5C, 0x2C, 0x50, 0x2A, 0x4C, 0x2C, 0x3A,
    0x28, 0x38, 0x2D, 0x30, 0x2B, 0xB9, 0x57, 0xBA, 0xA7, 0x0A, 0x07, 0x2E,
    0x44, 0x2E, 0x4E, 0x38, 0x4E, 0x35, 0x4B, 0x3A, 0x46, 0x36, 0x42, 0x31,
    0x47, 0x0A, 0x04, 0x22, 0x46, 0x22, 0x5A, 0x36, 0x5A, 0x36, 0x46, 0x06,
    0x05, 0x3E, 0x01, 0x24, 0x46, 0x24, 0x4E, 0x24, 0x4E, 0x24, 0x4F, 0x26,
    0x50, 0x26, 0x50, 0x25, 0x50, 0x33, 0x46, 0x0A, 0x0A, 0x24, 0x5A, 0x24,
    0x54, 0x25, 0x52, 0x31, 0x52, 0x32, 0x54, 0x32, 0x5A, 0xB7, 0xC7, 0x5A,
    0x2C, 0x55, 0x28, 0x55, 0xB6, 0x2F, 0x5A, 0x0E, 0x0A, 0x06, 0x01, 0x00,
    0x00, 0x0A, 0x00, 0x01, 0x06, 0x18, 0x15, 0xFF, 0x01, 0x17, 0x84, 0x00,
    0x04, 0x0A, 0x00, 0x01, 0x06, 0x18, 0x00, 0x15, 0x01, 0x17, 0x86, 0x00,
    0x04, 0x0A, 0x03, 0x01, 0x03, 0x00, 0x0A, 0x02, 0x01, 0x04, 0x00, 0x0A,
    0x05, 0x01, 0x05, 0x00, 0x0A, 0x01, 0x01, 0x01, 0x00, 0x0A, 0x04, 0x01,
    0x02, 0x00, 0x0A, 0x00, 0x01, 0x08, 0x10, 0x01, 0x17, 0x84, 0x02, 0x04,
    0x0A, 0x08, 0x01, 0x08, 0x00, 0x0A, 0x09, 0x01, 0x09, 0x00, 0x0A, 0x00,
    0x01, 0x07, 0x10, 0x01, 0x17, 0x84, 0x02, 0x04, 0x0A, 0x07, 0x01, 0x07,
    0x00, 0x0A, 0x0A, 0x01, 0x0A, 0x00,
};

/* folder_mail -- R_MailDirIcon */
static const uint8_t tiku_icon_folder_mail[427] = {
    0x6E, 0x63, 0x69, 0x66, 0x0A, 0x05, 0x00, 0x02, 0x00, 0x06, 0x02, 0x38,
    0x41, 0x81, 0x3C, 0x9B, 0x3B, 0xBE, 0xAB, 0x39, 0x3A, 0x4F, 0x58, 0x4B,
    0x25, 0x4D, 0x4A, 0x7A, 0xEB, 0x00, 0xFF, 0xE2, 0xAC, 0xFF, 0xF4, 0x98,
    0x06, 0x02, 0x00, 0x16, 0x02, 0x2C, 0x60, 0x67, 0x3C, 0xAA, 0xAB, 0xBE,
    0xBB, 0x08, 0x2E, 0x6E, 0xFB, 0x4B, 0xBA, 0x06, 0x4A, 0x22, 0xB0, 0x00,
    0xFF, 0xFF, 0x8E, 0x02, 0x00, 0x06, 0x02, 0x2C, 0x25, 0xF4, 0x3C, 0x69,
    0x17, 0xBE, 0xBB, 0x08, 0x2E, 0x6E, 0xFB, 0x4B, 0xAF, 0xBF, 0x49, 0x7E,
    0x0B, 0x00, 0xFA, 0xCE, 0x79, 0xFF, 0xBC, 0x41, 0x05, 0x03, 0xA0, 0x3D,
    0x03, 0x02, 0x00, 0x16, 0x02, 0x3A, 0xE3, 0xB4, 0x3C, 0x79, 0xDC, 0xBE,
    0x5B, 0xC5, 0x3C, 0xC0, 0x97, 0x4B, 0x42, 0xAC, 0x47, 0xCA, 0x41, 0x00,
    0x9A, 0xFF, 0x50, 0x04, 0x01, 0x65, 0x05, 0x00, 0x02, 0x00, 0x06, 0x02,
    0x38, 0x9E, 0xCD, 0x3A, 0xF0, 0x97, 0xBC, 0x49, 0x1F, 0x3A, 0x09, 0x89,
    0x49, 0x54, 0x65, 0x4A, 0xBD, 0xFA, 0x00, 0xFF, 0xFF, 0xFF, 0xFF, 0xD9,
    0xD0, 0x93, 0x03, 0x6B, 0x52, 0x22, 0x09, 0x0A, 0x06, 0x4A, 0x5D, 0x50,
    0x5D, 0x54, 0x59, 0x58, 0x59, 0x5E, 0x53, 0x50, 0x4F, 0x0A, 0x04, 0x23,
    0x2F, 0x2D, 0x49, 0x4A, 0x5B, 0x46, 0x3E, 0x0A, 0x04, 0x23, 0x2F, 0x46,
    0x3E, 0x4A, 0x5B, 0xC3, 0x23, 0x3C, 0x0A, 0x06, 0x3A, 0x28, 0x2E, 0x49,
    0x4A, 0x5A, 0x5C, 0x2C, 0x50, 0x2A, 0x4C, 0x2C, 0x0A, 0x04, 0x30, 0x2B,
    0x30, 0x49, 0x4A, 0x59, 0x51, 0x36, 0x0A, 0x04, 0x30, 0x2B, 0x51, 0x36,
    0x4A, 0x59, 0x54, 0xBB, 0x1E, 0x0A, 0x0A, 0x23, 0x2F, 0x2D, 0x49, 0x4A,
    0x5B, 0x5C, 0x2C, 0x50, 0x2A, 0x4C, 0x2C, 0x3A, 0x28, 0x38, 0x2D, 0x30,
    0x2B, 0xB9, 0x57, 0xBA, 0xA7, 0x0A, 0x04, 0x24, 0x4C, 0x24, 0x5C, 0x3C,
    0x5C, 0x3C, 0x4C, 0x06, 0x0A, 0xEE, 0xFE, 0x0E, 0x24, 0x4C, 0x30, 0x54,
    0x2E, 0x54, 0x32, 0x54, 0x3C, 0x4C, 0xBB, 0x15, 0x54, 0xBC, 0xCA, 0xC6,
    0x71, 0xBB, 0x15, 0x54, 0x3C, 0x5C, 0xBA, 0xBD, 0xC8, 0x09, 0xBA, 0xBD,
    0xC8, 0x09, 0xBA, 0x0E, 0xC8, 0xAC, 0x30, 0x56, 0xB9, 0xA8, 0x56, 0xB9,
    0x17, 0x56, 0xB8, 0x02, 0xC8, 0x09, 0xB8, 0xB1, 0xC8, 0xAC, 0xB8, 0x02,
    0xC8, 0x09, 0x24, 0x5C, 0xB7, 0xAA, 0x54, 0xB7, 0xAA, 0x54, 0xB5, 0xF5,
    0xC6, 0x71, 0x0C, 0x0A, 0x06, 0x01, 0x00, 0x00, 0x0A, 0x00, 0x01, 0x06,
    0x18, 0x15, 0xFF, 0x01, 0x17, 0x84, 0x00, 0x04, 0x0A, 0x00, 0x01, 0x06,
    0x18, 0x00, 0x15, 0x01, 0x17, 0x86, 0x00, 0x04, 0x0A, 0x03, 0x01, 0x03,
    0x00, 0x0A, 0x02, 0x01, 0x04, 0x00, 0x0A, 0x05, 0x01, 0x05, 0x00, 0x0A,
    0x01, 0x01, 0x01, 0x00, 0x0A, 0x04, 0x01, 0x02, 0x00, 0x0A, 0x07, 0x01,
    0x07, 0x18, 0x15, 0xFF, 0x01, 0x17, 0x84, 0x00, 0x04, 0x0A, 0x07, 0x01,
    0x07, 0x18, 0x00, 0x15, 0x01, 0x17, 0x86, 0x00, 0x04, 0x0A, 0x08, 0x01,
    0x07, 0x00, 0x0A, 0x09, 0x01, 0x08, 0x00,
};

/* folder_people -- R_PersonDirIcon */
static const uint8_t tiku_icon_folder_people[438] = {
    0x6E, 0x63, 0x69, 0x66, 0x09, 0x05, 0x00, 0x02, 0x00, 0x06, 0x02, 0x38,
    0x41, 0x81, 0x3C, 0x9B, 0x3B, 0xBE, 0xAB, 0x39, 0x3A, 0x4F, 0x58, 0x4B,
    0x25, 0x4D, 0x4A, 0x7A, 0xEB, 0x00, 0xFF, 0xE2, 0xAC, 0xFF, 0xF4, 0x98,
    0x06, 0x02, 0x00, 0x16, 0x02, 0x2C, 0x60, 0x67, 0x3C, 0xAA, 0xAB, 0xBE,
    0xBB, 0x08, 0x2E, 0x6E, 0xFB, 0x4B, 0xBA, 0x06, 0x4A, 0x22, 0xB0, 0x00,
    0xFF, 0xFF, 0x8E, 0x02, 0x00, 0x06, 0x02, 0x2C, 0x25, 0xF4, 0x3C, 0x69,
    0x17, 0xBE, 0xBB, 0x08, 0x2E, 0x6E, 0xFB, 0x4B, 0xAF, 0xBF, 0x49, 0x7E,
    0x0B, 0x00, 0xFA, 0xCE, 0x79, 0xFF, 0xBC, 0x41, 0x05, 0x03, 0xA0, 0x3D,
    0x03, 0x02, 0x00, 0x16, 0x02, 0x3A, 0xE3, 0xB4, 0x3C, 0x79, 0xDC, 0xBE,
    0x5B, 0xC5, 0x3C, 0xC0, 0x97, 0x4B, 0x42, 0xAC, 0x47, 0xCA, 0x41, 0x00,
    0x9A, 0xFF, 0x50, 0x04, 0x01, 0x65, 0x02, 0x00, 0x06, 0x02, 0x3B, 0x28,
    0x88, 0x3A, 0xEC, 0x29, 0xBB, 0x64, 0x36, 0x3B, 0xAA, 0x44, 0x48, 0xEC,
    0x55, 0x4A, 0xD4, 0x09, 0x00, 0xFF, 0xCD, 0x6E, 0xFE, 0xFA, 0x62, 0x06,
    0x02, 0x01, 0x06, 0x03, 0x3B, 0x47, 0x1C, 0x00, 0x00, 0x00, 0x00, 0x00,
    0x00, 0x3B, 0x36, 0xDB, 0x47, 0x28, 0x00, 0x4A, 0x06, 0x00, 0x00, 0xEB,
    0xEB, 0xEB, 0xFF, 0xBC, 0xA1, 0x84, 0xAB, 0x7D, 0x7A, 0x7A, 0x09, 0x0A,
    0x06, 0x4A, 0x5D, 0x50, 0x5D, 0x54, 0x59, 0x58, 0x59, 0x5E, 0x53, 0x50,
    0x4F, 0x0A, 0x04, 0x23, 0x2F, 0x2D, 0x49, 0x4A, 0x5B, 0x46, 0x3E, 0x0A,
    0x04, 0x23, 0x2F, 0x46, 0x3E, 0x4A, 0x5B, 0xC3, 0x23, 0x3C, 0x0A, 0x06,
    0x3A, 0x28, 0x2E, 0x49, 0x4A, 0x5A, 0x5C, 0x2C, 0x50, 0x2A, 0x4C, 0x2C,
    0x0A, 0x04, 0x30, 0x2B, 0x30, 0x49, 0x4A, 0x59, 0x51, 0x36, 0x0A, 0x04,
    0x30, 0x2B, 0x51, 0x36, 0x4A, 0x59, 0x54, 0xBB, 0x1E, 0x0A, 0x0A, 0x23,
    0x2F, 0x2D, 0x49, 0x4A, 0x5B, 0x5C, 0x2C, 0x50, 0x2A, 0x4C, 0x2C, 0x3A,
    0x28, 0x38, 0x2D, 0x30, 0x2B, 0xB9, 0x57, 0xBA, 0xA7, 0x0A, 0x09, 0x28,
    0x49, 0x28, 0x52, 0x2A, 0x54, 0x2A, 0x5E, 0x32, 0x5E, 0x32, 0x54, 0x34,
    0x52, 0x34, 0x49, 0x2E, 0x46, 0x02, 0x04, 0x2E, 0x3E, 0xB9, 0x75, 0x3E,
    0xB7, 0xB2, 0x3E, 0x2A, 0x42, 0x2A, 0xBF, 0xAA, 0x2A, 0xC1, 0x6D, 0x2E,
    0x46, 0xB7, 0xB2, 0x46, 0xB9, 0x75, 0x46, 0x32, 0x42, 0x32, 0xC1, 0x6D,
    0x32, 0xBF, 0xAA, 0x0D, 0x0A, 0x06, 0x01, 0x00, 0x00, 0x0A, 0x00, 0x01,
    0x06, 0x18, 0x15, 0xFF, 0x01, 0x17, 0x84, 0x00, 0x04, 0x0A, 0x00, 0x01,
    0x06, 0x18, 0x00, 0x15, 0x01, 0x17, 0x86, 0x00, 0x04, 0x0A, 0x03, 0x01,
    0x03, 0x00, 0x0A, 0x02, 0x01, 0x04, 0x00, 0x0A, 0x05, 0x01, 0x05, 0x00,
    0x0A, 0x01, 0x01, 0x01, 0x00, 0x0A, 0x04, 0x01, 0x02, 0x00, 0x0A, 0x00,
    0x01, 0x07, 0x18, 0x15, 0xFF, 0x01, 0x17, 0x84, 0x00, 0x04, 0x0A, 0x00,
    0x01, 0x07, 0x18, 0x00, 0x15, 0x01, 0x17, 0x86, 0x00, 0x04, 0x0A, 0x07,
    0x01, 0x07, 0x00, 0x0A, 0x00, 0x01, 0x08, 0x10, 0x01, 0x17, 0x84, 0x00,
    0x04, 0x0A, 0x08, 0x01, 0x08, 0x00,
};

/* folder_queries -- R_QueryDirIcon */
static const uint8_t tiku_icon_folder_queries[447] = {
    0x6E, 0x63, 0x69, 0x66, 0x0A, 0x05, 0x00, 0x02, 0x00, 0x06, 0x02, 0x38,
    0x41, 0x81, 0x3C, 0x9B, 0x3B, 0xBE, 0xAB, 0x39, 0x3A, 0x4F, 0x58, 0x4B,
    0x25, 0x4D, 0x4A, 0x7A, 0xEB, 0x00, 0xFF, 0xE2, 0xAC, 0xFF, 0xF4, 0x98,
    0x06, 0x02, 0x00, 0x16, 0x02, 0x2C, 0x60, 0x67, 0x3C, 0xAA, 0xAB, 0xBE,
    0xBB, 0x08, 0x2E, 0x6E, 0xFB, 0x4B, 0xBA, 0x06, 0x4A, 0x22, 0xB0, 0x00,
    0xFF, 0xFF, 0x8E, 0x02, 0x00, 0x06, 0x02, 0x2C, 0x25, 0xF4, 0x3C, 0x69,
    0x17, 0xBE, 0xBB, 0x08, 0x2E, 0x6E, 0xFB, 0x4B, 0xAF, 0xBF, 0x49, 0x7E,
    0x0B, 0x00, 0xFA, 0xCE, 0x79, 0xFF, 0xBC, 0x41, 0x05, 0x03, 0xA0, 0x3D,
    0x03, 0x02, 0x00, 0x16, 0x02, 0x3A, 0xE3, 0xB4, 0x3C, 0x79, 0xDC, 0xBE,
    0x5B, 0xC5, 0x3C, 0xC0, 0x97, 0x4B, 0x42, 0xAC, 0x47, 0xCA, 0x41, 0x00,
    0x9A, 0xFF, 0x50, 0x04, 0x01, 0x65, 0x02, 0x01, 0x06, 0x02, 0x3B, 0x40,
    0x00, 0x00, 0x00, 0x00, 0x00, 0x00, 0x00, 0x3B, 0x40, 0x00, 0x48, 0x60,
    0x00, 0x4A, 0xE0, 0x00, 0x00, 0xDC, 0xF4, 0xFF, 0xFF, 0x60, 0x94, 0xAA,
    0x02, 0x00, 0x16, 0x02, 0x34, 0x4F, 0xD5, 0x34, 0x79, 0x20, 0xBA, 0x5F,
    0xCC, 0x3A, 0x38, 0x28, 0x47, 0xB3, 0xD1, 0x4B, 0x15, 0x01, 0x00, 0xD4,
    0xFF, 0x47, 0x05, 0xFF, 0x09, 0x0A, 0x06, 0x4A, 0x5D, 0x50, 0x5D, 0x54,
    0x59, 0x58, 0x59, 0x5E, 0x53, 0x50, 0x4F, 0x0A, 0x04, 0x23, 0x2F, 0x2D,
    0x49, 0x4A, 0x5B, 0x46, 0x3E, 0x0A, 0x04, 0x23, 0x2F, 0x46, 0x3E, 0x4A,
    0x5B, 0xC3, 0x23, 0x3C, 0x0A, 0x06, 0x3A, 0x28, 0x2E, 0x49, 0x4A, 0x5A,
    0x5C, 0x2C, 0x50, 0x2A, 0x4C, 0x2C, 0x0A, 0x04, 0x30, 0x2B, 0x30, 0x49,
    0x4A, 0x59, 0x51, 0x36, 0x0A, 0x04, 0x30, 0x2B, 0x51, 0x36, 0x4A, 0x59,
    0x54, 0xBB, 0x1E, 0x0A, 0x0A, 0x23, 0x2F, 0x2D, 0x49, 0x4A, 0x5B, 0x5C,
    0x2C, 0x50, 0x2A, 0x4C, 0x2C, 0x3A, 0x28, 0x38, 0x2D, 0x30, 0x2B, 0xB9,
    0x57, 0xBA, 0xA7, 0x02, 0x04, 0x32, 0x46, 0xBB, 0xEE, 0x46, 0xB8, 0x69,
    0x46, 0x2A, 0x4E, 0x2A, 0xC3, 0x91, 0x2A, 0xC7, 0x16, 0x32, 0x56, 0xB8,
    0x69, 0x56, 0xBB, 0xEE, 0x56, 0x3A, 0x4E, 0x3A, 0xC7, 0x16, 0x3A, 0xC3,
    0x91, 0x06, 0x06, 0xBA, 0x0A, 0x28, 0x56, 0x24, 0x5A, 0xB4, 0xBE, 0xCA,
    0xC1, 0xB4, 0x8B, 0xCA, 0x8E, 0xB4, 0xF1, 0xCA, 0xF4, 0x26, 0x5C, 0x2A,
    0x58, 0x2D, 0x53, 0x0D, 0x0A, 0x06, 0x01, 0x00, 0x00, 0x0A, 0x00, 0x01,
    0x06, 0x18, 0x15, 0xFF, 0x01, 0x17, 0x84, 0x00, 0x04, 0x0A, 0x00, 0x01,
    0x06, 0x18, 0x00, 0x15, 0x01, 0x17, 0x86, 0x00, 0x04, 0x0A, 0x03, 0x01,
    0x03, 0x00, 0x0A, 0x02, 0x01, 0x04, 0x00, 0x0A, 0x05, 0x01, 0x05, 0x00,
    0x0A, 0x01, 0x01, 0x01, 0x00, 0x0A, 0x04, 0x01, 0x02, 0x00, 0x0A, 0x00,
    0x01, 0x08, 0x10, 0x01, 0x17, 0x84, 0x00, 0x04, 0x0A, 0x08, 0x01, 0x08,
    0x00, 0x0A, 0x00, 0x01, 0x07, 0x10, 0x01, 0x17, 0x84, 0x00, 0x04, 0x0A,
    0x07, 0x01, 0x07, 0x00, 0x0A, 0x09, 0x01, 0x07, 0x02, 0x3C, 0x00, 0x00,
    0x00, 0x00, 0x00, 0x00, 0x00, 0x00, 0x3C, 0x00, 0x00, 0x46, 0xE0, 0x00,
    0x49, 0xF0, 0x00,
};

/* folder_develop -- R_DevelopDirIcon */
static const uint8_t tiku_icon_folder_develop[482] = {
    0x6E, 0x63, 0x69, 0x66, 0x09, 0x05, 0x00, 0x02, 0x00, 0x06, 0x02, 0x38,
    0x41, 0x81, 0x3C, 0x9B, 0x3B, 0xBE, 0xAB, 0x39, 0x3A, 0x4F, 0x58, 0x4B,
    0x25, 0x4D, 0x4A, 0x7A, 0xEB, 0x00, 0xFF, 0xE2, 0xAC, 0xFF, 0xF4, 0x98,
    0x06, 0x02, 0x00, 0x16, 0x02, 0x2C, 0x60, 0x67, 0x3C, 0xAA, 0xAB, 0xBE,
    0xBB, 0x08, 0x2E, 0x6E, 0xFB, 0x4B, 0xBA, 0x06, 0x4A, 0x22, 0xB0, 0x00,
    0xFF, 0xFF, 0x8E, 0x02, 0x00, 0x06, 0x02, 0x2C, 0x25, 0xF4, 0x3C, 0x69,
    0x17, 0xBE, 0xBB, 0x08, 0x2E, 0x6E, 0xFB, 0x4B, 0xAF, 0xBF, 0x49, 0x7E,
    0x0B, 0x00, 0xFA, 0xCE, 0x79, 0xFF, 0xBC, 0x41, 0x05, 0x03, 0xA0, 0x3D,
    0x03, 0x02, 0x00, 0x16, 0x02, 0x3A, 0xE3, 0xB4, 0x3C, 0x79, 0xDC, 0xBE,
    0x5B, 0xC5, 0x3C, 0xC0, 0x97, 0x4B, 0x42, 0xAC, 0x47, 0xCA, 0x41, 0x00,
    0x9A, 0xFF, 0x50, 0x04, 0x01, 0x65, 0x02, 0x00, 0x06, 0x02, 0x39, 0x2C,
    0xB6, 0x3A, 0x3F, 0xDF, 0xBF, 0x44, 0xAC, 0x3E, 0x4E, 0x62, 0x4A, 0xD9,
    0xDC, 0x49, 0x52, 0x12, 0x00, 0xFF, 0xDC, 0xDC, 0xFF, 0xE8, 0x06, 0x06,
    0x02, 0x00, 0x16, 0x02, 0x36, 0x12, 0x33, 0x38, 0x2E, 0xE6, 0xBC, 0x4F,
    0x19, 0x3A, 0x30, 0xBF, 0x49, 0x13, 0x9E, 0x4A, 0x43, 0xAC, 0x00, 0xC6,
    0xFF, 0x4A, 0x10, 0x0A, 0x06, 0x4A, 0x5D, 0x50, 0x5D, 0x54, 0x59, 0x58,
    0x59, 0x5E, 0x53, 0x50, 0x4F, 0x0A, 0x04, 0x23, 0x2F, 0x2D, 0x49, 0x4A,
    0x5B, 0x46, 0x3E, 0x0A, 0x04, 0x23, 0x2F, 0x46, 0x3E, 0x4A, 0x5B, 0xC3,
    0x23, 0x3C, 0x0A, 0x06, 0x3A, 0x28, 0x2E, 0x49, 0x4A, 0x5A, 0x5C, 0x2C,
    0x50, 0x2A, 0x4C, 0x2C, 0x0A, 0x04, 0x30, 0x2B, 0x30, 0x49, 0x4A, 0x59,
    0x51, 0x36, 0x0A, 0x04, 0x30, 0x2B, 0x51, 0x36, 0x4A, 0x59, 0x54, 0xBB,
    0x1E, 0x0A, 0x0A, 0x23, 0x2F, 0x2D, 0x49, 0x4A, 0x5B, 0x5C, 0x2C, 0x50,
    0x2A, 0x4C, 0x2C, 0x3A, 0x28, 0x38, 0x2D, 0x30, 0x2B, 0xB9, 0x57, 0xBA,
    0xA7, 0x02, 0x02, 0x31, 0x46, 0x3C, 0x46, 0x26, 0x46, 0x31, 0x5A, 0x24,
    0x5A, 0x3E, 0x5A, 0x08, 0x02, 0x28, 0x4A, 0x39, 0x59, 0x08, 0x02, 0x3A,
    0x4A, 0x29, 0x59, 0x08, 0x02, 0x25, 0x52, 0x3D, 0x52, 0x06, 0x04, 0xBA,
    0x30, 0x4F, 0x2A, 0x4E, 0x2C, 0x56, 0x2A, 0x54, 0x2E, 0x58, 0x30, 0x58,
    0x06, 0x04, 0xB6, 0x32, 0x4F, 0x58, 0x36, 0x56, 0x34, 0x58, 0x38, 0x54,
    0x38, 0x4E, 0x06, 0x04, 0xEE, 0xB7, 0x48, 0xC4, 0xA1, 0x31, 0x4D, 0x2F,
    0x4D, 0x33, 0x4D, 0xBC, 0x43, 0xC4, 0xA1, 0x31, 0x48, 0x36, 0x48, 0x2C,
    0x48, 0x02, 0x02, 0x2D, 0x4F, 0x30, 0x4F, 0x2B, 0x4F, 0x2D, 0x53, 0x2B,
    0x53, 0x30, 0x53, 0x02, 0x02, 0x35, 0x51, 0x37, 0x51, 0x32, 0x51, 0x35,
    0x55, 0x32, 0x55, 0x37, 0x55, 0x0D, 0x0A, 0x06, 0x01, 0x00, 0x00, 0x0A,
    0x00, 0x01, 0x06, 0x18, 0x15, 0xFF, 0x01, 0x17, 0x84, 0x00, 0x04, 0x0A,
    0x00, 0x01, 0x06, 0x18, 0x00, 0x15, 0x01, 0x17, 0x86, 0x00, 0x04, 0x0A,
    0x03, 0x01, 0x03, 0x00, 0x0A, 0x02, 0x01, 0x04, 0x00, 0x0A, 0x05, 0x01,
    0x05, 0x00, 0x0A, 0x01, 0x01, 0x01, 0x00, 0x0A, 0x04, 0x01, 0x02, 0x00,
    0x0A, 0x00, 0x01, 0x07, 0x00, 0x0A, 0x00, 0x03, 0x0A, 0x09, 0x08, 0x10,
    0x01, 0x17, 0x84, 0x20, 0x04, 0x0A, 0x07, 0x02, 0x0B, 0x0C, 0x00, 0x0A,
    0x08, 0x01, 0x0D, 0x08, 0x15, 0xFF, 0x0A, 0x00, 0x02, 0x0E, 0x0F, 0x08,
    0x15, 0xFF,
};

/* folder_fonts -- R_FontDirIcon */
static const uint8_t tiku_icon_folder_fonts[350] = {
    0x6E, 0x63, 0x69, 0x66, 0x08, 0x05, 0x00, 0x02, 0x00, 0x06, 0x02, 0x38,
    0x41, 0x81, 0x3C, 0x9B, 0x3B, 0xBE, 0xAB, 0x39, 0x3A, 0x4F, 0x58, 0x4B,
    0x25, 0x4D, 0x4A, 0x7A, 0xEB, 0x00, 0xFF, 0xE2, 0xAC, 0xFF, 0xF4, 0x98,
    0x06, 0x02, 0x00, 0x16, 0x02, 0x2C, 0x60, 0x67, 0x3C, 0xAA, 0xAB, 0xBE,
    0xBB, 0x08, 0x2E, 0x6E, 0xFB, 0x4B, 0xBA, 0x06, 0x4A, 0x22, 0xB0, 0x00,
    0xFF, 0xFF, 0x8E, 0x02, 0x00, 0x06, 0x02, 0x2C, 0x25, 0xF4, 0x3C, 0x69,
    0x17, 0xBE, 0xBB, 0x08, 0x2E, 0x6E, 0xFB, 0x4B, 0xAF, 0xBF, 0x49, 0x7E,
    0x0B, 0x00, 0xFA, 0xCE, 0x79, 0xFF, 0xBC, 0x41, 0x05, 0x03, 0xA0, 0x3D,
    0x03, 0x02, 0x00, 0x16, 0x02, 0x3A, 0xE3, 0xB4, 0x3C, 0x79, 0xDC, 0xBE,
    0x5B, 0xC5, 0x3C, 0xC0, 0x97, 0x4B, 0x42, 0xAC, 0x47, 0xCA, 0x41, 0x00,
    0x9A, 0xFF, 0x50, 0x04, 0x01, 0x65, 0x02, 0x00, 0x06, 0x02, 0x3A, 0x4C,
    0x6B, 0x3A, 0x09, 0xF5, 0xBC, 0x28, 0x1D, 0x3C, 0x6E, 0x69, 0x49, 0x0D,
    0xBE, 0x4A, 0x7B, 0xF0, 0x00, 0x75, 0xCF, 0xFF, 0xFF, 0x0A, 0x84, 0xC3,
    0x09, 0x0A, 0x06, 0x4A, 0x5D, 0x50, 0x5D, 0x54, 0x59, 0x58, 0x59, 0x5E,
    0x53, 0x50, 0x4F, 0x0A, 0x04, 0x23, 0x2F, 0x2D, 0x49, 0x4A, 0x5B, 0x46,
    0x3E, 0x0A, 0x04, 0x23, 0x2F, 0x46, 0x3E, 0x4A, 0x5B, 0xC3, 0x23, 0x3C,
    0x0A, 0x06, 0x3A, 0x28, 0x2E, 0x49, 0x4A, 0x5A, 0x5C, 0x2C, 0x50, 0x2A,
    0x4C, 0x2C, 0x0A, 0x04, 0x30, 0x2B, 0x30, 0x49, 0x4A, 0x59, 0x51, 0x36,
    0x0A, 0x04, 0x30, 0x2B, 0x51, 0x36, 0x4A, 0x59, 0x54, 0xBB, 0x1E, 0x0A,
    0x0A, 0x23, 0x2F, 0x2D, 0x49, 0x4A, 0x5B, 0x5C, 0x2C, 0x50, 0x2A, 0x4C,
    0x2C, 0x3A, 0x28, 0x38, 0x2D, 0x30, 0x2B, 0xB9, 0x57, 0xBA, 0xA7, 0x0A,
    0x08, 0x26, 0x5A, 0x30, 0x46, 0x36, 0x46, 0x3B, 0x5A, 0xBB, 0x44, 0x5A,
    0x34, 0x56, 0x2D, 0x56, 0x2B, 0x5A, 0x0A, 0x03, 0x2E, 0x54, 0x33, 0x54,
    0x32, 0x4C, 0x0A, 0x0A, 0x06, 0x01, 0x00, 0x00, 0x0A, 0x00, 0x01, 0x06,
    0x18, 0x15, 0xFF, 0x01, 0x17, 0x84, 0x00, 0x04, 0x0A, 0x00, 0x01, 0x06,
    0x18, 0x00, 0x15, 0x01, 0x17, 0x86, 0x00, 0x04, 0x0A, 0x03, 0x01, 0x03,
    0x00, 0x0A, 0x02, 0x01, 0x04, 0x00, 0x0A, 0x05, 0x01, 0x05, 0x00, 0x0A,
    0x01, 0x01, 0x01, 0x00, 0x0A, 0x04, 0x01, 0x02, 0x00, 0x0A, 0x00, 0x02,
    0x07, 0x08, 0x10, 0x01, 0x17, 0x84, 0x00, 0x04, 0x0A, 0x07, 0x02, 0x07,
    0x08, 0x00,
};

/* folder_virtual -- MIME haiku-virtual-directory */
static const uint8_t tiku_icon_folder_virtual[276] = {
    0x6E, 0x63, 0x69, 0x66, 0x07, 0x05, 0x00, 0x02, 0x00, 0x06, 0x02, 0x38,
    0x41, 0x81, 0x3C, 0x9B, 0x3B, 0xBE, 0xAB, 0x39, 0x3A, 0x4F, 0x58, 0x4B,
    0x25, 0x4D, 0x4A, 0x7A, 0xEB, 0x00, 0x9B, 0xE2, 0xFF, 0xFF, 0x5A, 0x6E,
    0x82, 0x02, 0x00, 0x16, 0x02, 0x2C, 0x60, 0x67, 0x3C, 0xAA, 0xAB, 0xBE,
    0xBB, 0x08, 0x2E, 0x6E, 0xFB, 0x4B, 0xBA, 0x06, 0x4A, 0x22, 0xB0, 0x00,
    0xFF, 0xFF, 0x8E, 0x02, 0x00, 0x06, 0x02, 0x2C, 0x25, 0xF4, 0x3C, 0x69,
    0x17, 0xBE, 0xBB, 0x08, 0x2E, 0x6E, 0xFB, 0x4B, 0xAF, 0xBF, 0x49, 0x7E,
    0x0B, 0x00, 0x82, 0xAA, 0xC8, 0xFF, 0x40, 0x40, 0x7C, 0x03, 0x3D, 0x3D,
    0x5D, 0x02, 0x00, 0x16, 0x02, 0x3A, 0xE3, 0xB4, 0x3C, 0x79, 0xDC, 0xBE,
    0x5B, 0xC5, 0x3C, 0xC0, 0x97, 0x4B, 0x42, 0xAC, 0x47, 0xCA, 0x41, 0x00,
    0x9A, 0xFF, 0x50, 0x04, 0x01, 0x65, 0x07, 0x0A, 0x06, 0x4A, 0x5D, 0x50,
    0x5D, 0x54, 0x59, 0x58, 0x59, 0x5E, 0x53, 0x50, 0x4F, 0x0A, 0x04, 0x23,
    0x2F, 0x2D, 0x49, 0x4A, 0x5B, 0x46, 0x3E, 0x0A, 0x04, 0x23, 0x2F, 0x46,
    0x3E, 0x4A, 0x5B, 0xC3, 0x23, 0x3C, 0x0A, 0x06, 0x3A, 0x28, 0x2E, 0x49,
    0x4A, 0x5A, 0x5C, 0x2C, 0x50, 0x2A, 0x4C, 0x2C, 0x0A, 0x04, 0x30, 0x2B,
    0x30, 0x49, 0x4A, 0x59, 0x51, 0x36, 0x0A, 0x04, 0x30, 0x2B, 0x51, 0x36,
    0x4A, 0x59, 0x54, 0xBB, 0x1E, 0x0A, 0x0A, 0x23, 0x2F, 0x2D, 0x49, 0x4A,
    0x5B, 0x5C, 0x2C, 0x50, 0x2A, 0x4C, 0x2C, 0x3A, 0x28, 0x38, 0x2D, 0x30,
    0x2B, 0xB9, 0x57, 0xBA, 0xA7, 0x08, 0x0A, 0x06, 0x01, 0x00, 0x00, 0x0A,
    0x00, 0x01, 0x06, 0x18, 0x15, 0xFF, 0x01, 0x17, 0x84, 0x00, 0x04, 0x0A,
    0x00, 0x01, 0x06, 0x18, 0x00, 0x15, 0x01, 0x17, 0x86, 0x00, 0x04, 0x0A,
    0x03, 0x01, 0x03, 0x00, 0x0A, 0x02, 0x01, 0x04, 0x00, 0x0A, 0x05, 0x01,
    0x05, 0x00, 0x0A, 0x01, 0x01, 0x01, 0x00, 0x0A, 0x04, 0x01, 0x02, 0x00,
};

/* bookmark -- R_BookmarkIcon */
static const uint8_t tiku_icon_bookmark[528] = {
    0x6E, 0x63, 0x69, 0x66, 0x08, 0x01, 0x01, 0x00, 0x00, 0x6B, 0x02, 0x00,
    0x16, 0x02, 0xBA, 0x66, 0x66, 0xBB, 0x33, 0x32, 0x3B, 0x33, 0x32, 0xBA,
    0x66, 0x66, 0x48, 0x0C, 0xCD, 0x4B, 0xD3, 0x33, 0x00, 0xD8, 0xFF, 0xEC,
    0x02, 0x00, 0x16, 0x04, 0x39, 0xD7, 0x55, 0xBC, 0x0F, 0x31, 0x3C, 0x0F,
    0x31, 0x39, 0xD7, 0x55, 0x4A, 0xE7, 0x97, 0x4A, 0xBA, 0xE9, 0x01, 0xFA,
    0x1C, 0x8C, 0x79, 0x34, 0xFF, 0xC2, 0x02, 0x00, 0x16, 0x03, 0x37, 0x8C,
    0xED, 0xB9, 0xCE, 0x97, 0x39, 0xCE, 0x97, 0x37, 0x8C, 0xED, 0x4A, 0xAD,
    0xF1, 0x49, 0x86, 0x88, 0x00, 0xB6, 0x84, 0xFA, 0xFF, 0xD2, 0x02, 0x00,
    0x16, 0x03, 0x37, 0x72, 0xA3, 0xB9, 0x72, 0x9F, 0x39, 0x72, 0x9F, 0x37,
    0x72, 0xA3, 0x49, 0xC4, 0x73, 0x4A, 0xAF, 0x6E, 0x01, 0xCC, 0xD9, 0xFA,
    0xFF, 0xC8, 0x02, 0x00, 0x16, 0x02, 0x3B, 0x64, 0x5A, 0xBD, 0xAC, 0x37,
    0x3C, 0x45, 0x0A, 0x3A, 0x18, 0xA0, 0x49, 0x57, 0x52, 0x4B, 0x6E, 0x2E,
    0x00, 0x7D, 0xFF, 0xBB, 0x03, 0x01, 0x00, 0x00, 0x02, 0x00, 0x06, 0x03,
    0x3A, 0xE5, 0x82, 0x3A, 0xE5, 0x82, 0xBA, 0xE5, 0x82, 0x3A, 0xE5, 0x82,
    0x4A, 0x7B, 0x44, 0x4A, 0xA8, 0x05, 0x00, 0xFF, 0x06, 0x06, 0x7F, 0xFF,
    0x75, 0x75, 0xFF, 0x7E, 0x03, 0x03, 0x0E, 0x0A, 0x06, 0x22, 0x4B, 0x22,
    0x50, 0x3E, 0x5E, 0x5A, 0x42, 0x5A, 0x3D, 0x3E, 0x34, 0x06, 0x05, 0xE7,
    0x03, 0x5A, 0x3D, 0x57, 0x40, 0x5A, 0x3D, 0x42, 0x3E, 0x5E, 0x3E, 0x58,
    0x3E, 0x58, 0x43, 0x53, 0x4C, 0xC3, 0xEF, 0x47, 0x4B, 0x4E, 0x46, 0x0A,
    0x04, 0x3E, 0x5E, 0x22, 0x50, 0x22, 0x4B, 0x3E, 0x58, 0x06, 0x05, 0xFE,
    0x02, 0x22, 0x4B, 0x3E, 0x58, 0x3E, 0x58, 0x43, 0x53, 0x4C, 0xC3, 0xEF,
    0x47, 0x4B, 0x4E, 0x46, 0x5A, 0x3D, 0x57, 0x40, 0x5A, 0x3D, 0x3E, 0x34,
    0x06, 0x04, 0xEB, 0x32, 0x3C, 0x32, 0x3C, 0x32, 0x32, 0x3B, 0x2E, 0x57,
    0x35, 0x4C, 0x4A, 0x4C, 0x3C, 0x4C, 0x4A, 0x02, 0x04, 0x3E, 0x53, 0x3E,
    0x53, 0x42, 0x51, 0x4C, 0x4A, 0x44, 0x4A, 0x4C, 0x4A, 0x30, 0x3E, 0x30,
    0x3E, 0x2A, 0x3E, 0x22, 0x46, 0x26, 0x44, 0x22, 0x46, 0x0A, 0x04, 0x34,
    0xC9, 0x1D, 0x3E, 0x5D, 0x44, 0xC8, 0xB7, 0x3E, 0x5C, 0x0A, 0x04, 0x39,
    0xC9, 0x1D, 0x3E, 0x5B, 0xC0, 0x59, 0xC8, 0xB7, 0x3E, 0xC9, 0xE9, 0x0A,
    0x03, 0x22, 0x4F, 0x26, 0xC6, 0x53, 0x22, 0x4E, 0x0A, 0x03, 0x22, 0x4D,
    0x29, 0x50, 0x22, 0x4C, 0x0A, 0x03, 0x5A, 0x42, 0xC7, 0xEB, 0xC2, 0x57,
    0x5A, 0xBF, 0xF3, 0x0A, 0x03, 0x5A, 0x40, 0xC8, 0xB7, 0x43, 0x5A, 0x3F,
    0x06, 0x09, 0xFE, 0xF3, 0x03, 0x30, 0x3D, 0x30, 0x3A, 0x30, 0x3A, 0x34,
    0xBE, 0x2C, 0x4B, 0x45, 0xC2, 0x69, 0xC0, 0xE0, 0x4F, 0x47, 0x50, 0x4C,
    0x4F, 0x49, 0x51, 0x4F, 0x55, 0x53, 0xC7, 0x17, 0xC6, 0xE3, 0x55, 0x53,
    0x52, 0x52, 0x57, 0x52, 0x57, 0x50, 0x56, 0x4D, 0x50, 0x4E, 0x52, 0x4C,
    0x4E, 0xC4, 0x18, 0xC3, 0x79, 0xC4, 0xD9, 0xC4, 0x04, 0xC4, 0x18, 0xC3,
    0x79, 0x06, 0x0B, 0xA2, 0x68, 0x0B, 0x3E, 0x60, 0x43, 0x4E, 0x54, 0x52,
    0x58, 0x54, 0x58, 0x54, 0x54, 0x50, 0x4E, 0x60, 0x42, 0x60, 0x4A, 0x60,
    0x42, 0x5C, 0x40, 0x3E, 0x0A, 0x0A, 0x00, 0x01, 0x0D, 0x00, 0x0A, 0x06,
    0x03, 0x00, 0x05, 0x04, 0x10, 0x01, 0x17, 0x84, 0x00, 0x04, 0x0A, 0x05,
    0x01, 0x01, 0x00, 0x0A, 0x01, 0x01, 0x02, 0x00, 0x0A, 0x02, 0x01, 0x03,
    0x00, 0x0A, 0x03, 0x01, 0x04, 0x00, 0x0A, 0x04, 0x01, 0x05, 0x00, 0x0A,
    0x06, 0x06, 0x06, 0x07, 0x08, 0x09, 0x0A, 0x0B, 0x00, 0x0A, 0x06, 0x01,
    0x0C, 0x10, 0x01, 0x17, 0x84, 0x22, 0x04, 0x0A, 0x07, 0x01, 0x0C, 0x00,
};

/* printer -- R_PrinterIcon, == R_GenericPrinterIcon */
static const uint8_t tiku_icon_printer[580] = {
    0x6E, 0x63, 0x69, 0x66, 0x0B, 0x05, 0x00, 0x02, 0x00, 0x16, 0x02, 0xB7,
    0x6E, 0x71, 0xBB, 0xF8, 0x59, 0x3D, 0x12, 0x10, 0xB8, 0xA7, 0x67, 0x47,
    0x42, 0xA0, 0x4A, 0xBE, 0xFB, 0x00, 0xAE, 0xFF, 0xE1, 0x05, 0x38, 0x02,
    0x00, 0x16, 0x03, 0x37, 0x33, 0x33, 0xB9, 0x33, 0x33, 0x39, 0x33, 0x33,
    0x37, 0x33, 0x33, 0x48, 0xE5, 0x4F, 0x4B, 0x55, 0x54, 0x00, 0xFF, 0xBF,
    0xE5, 0xFF, 0x9B, 0x02, 0x00, 0x16, 0x03, 0x36, 0xC6, 0xF3, 0xB9, 0x28,
    0x42, 0x39, 0xE3, 0x97, 0x37, 0x6B, 0xB9, 0x4A, 0x71, 0xBE, 0x48, 0x4A,
    0x25, 0x00, 0x53, 0x46, 0xB5, 0xFF, 0xFF, 0x02, 0x00, 0x16, 0x02, 0xB5,
    0x00, 0x00, 0x3A, 0x60, 0x00, 0xBA, 0x60, 0x00, 0xB5, 0x00, 0x00, 0x4A,
    0x2E, 0x24, 0x4A, 0xB9, 0xD0, 0x01, 0xC0, 0xFF, 0x9A, 0x02, 0x01, 0x16,
    0x02, 0x3A, 0xA4, 0x13, 0x39, 0xC7, 0x0A, 0xBC, 0x27, 0x00, 0x3D, 0x02,
    0x6E, 0x4A, 0xCA, 0xB7, 0x4A, 0xC8, 0xAB, 0x01, 0x83, 0xFF, 0xAD, 0x02,
    0x01, 0x06, 0x02, 0x36, 0x00, 0x00, 0x00, 0x00, 0x00, 0x00, 0x00, 0x00,
    0x37, 0x00, 0x00, 0x4A, 0x10, 0x00, 0x4A, 0xB0, 0x00, 0x00, 0x35, 0xFF,
    0x06, 0xFB, 0x1E, 0x93, 0x03, 0x02, 0x01, 0x06, 0x02, 0x36, 0x00, 0x00,
    0x00, 0x00, 0x00, 0x00, 0x00, 0x00, 0x37, 0x00, 0x00, 0x4A, 0x10, 0x00,
    0x4A, 0xB0, 0x00, 0x00, 0xFF, 0xE3, 0xE3, 0xFF, 0xDD, 0x05, 0x05, 0x01,
    0x01, 0x00, 0x00, 0x73, 0x02, 0x01, 0x16, 0x02, 0x3E, 0x1E, 0x41, 0xBC,
    0x9E, 0x39, 0x3B, 0x21, 0xB9, 0x3C, 0x88, 0xA6, 0x48, 0x24, 0xE3, 0x48,
    0x5D, 0x85, 0x00, 0x90, 0xFF, 0x3C, 0x0B, 0x06, 0x06, 0xBE, 0x02, 0x3A,
    0x5F, 0x48, 0x5C, 0x46, 0x58, 0x4C, 0x5E, 0x56, 0x56, 0x52, 0x5A, 0x56,
    0x56, 0x60, 0x4C, 0x58, 0x48, 0x3A, 0x06, 0x08, 0xEF, 0xB6, 0x30, 0x2E,
    0x30, 0x2E, 0x25, 0x37, 0x22, 0x48, 0x22, 0x3A, 0x22, 0x48, 0x46, 0x5A,
    0x4A, 0x59, 0x48, 0x5B, 0x4A, 0x59, 0x58, 0x4B, 0x41, 0x57, 0x3E, 0x58,
    0x3F, 0x56, 0x3D, 0x54, 0x3C, 0x06, 0x08, 0xAA, 0xFF, 0x50, 0x3A, 0x4E,
    0x3C, 0x32, 0x31, 0x34, 0x2F, 0x30, 0x2E, 0x30, 0x2E, 0x25, 0x37, 0x22,
    0x48, 0x22, 0x3A, 0x22, 0x48, 0x46, 0x5A, 0x46, 0x5A, 0x46, 0x4C, 0x54,
    0x3C, 0x4A, 0x46, 0x54, 0x3C, 0x06, 0x06, 0xFF, 0x06, 0x57, 0x3E, 0x58,
    0x3F, 0x56, 0x3D, 0x54, 0x3C, 0x54, 0x3C, 0x4A, 0x46, 0x46, 0x5A, 0x46,
    0x4C, 0x46, 0x5A, 0x4A, 0x59, 0x48, 0x5B, 0x4A, 0x59, 0x58, 0x4B, 0x41,
    0x06, 0x04, 0xDB, 0x4A, 0x59, 0x4A, 0x4F, 0x4A, 0x59, 0x58, 0x4B, 0x41,
    0x56, 0x3F, 0x56, 0x3F, 0x4E, 0x47, 0x0A, 0x04, 0x26, 0x48, 0x42, 0x56,
    0x42, 0x52, 0x26, 0x44, 0x06, 0x05, 0x7A, 0x03, 0x22, 0x51, 0x3A, 0x5E,
    0x42, 0x54, 0x3C, 0x58, 0x42, 0x54, 0x52, 0xB7, 0x7B, 0xC2, 0x62, 0xB7,
    0x7B, 0xC2, 0x62, 0x25, 0x4A, 0x08, 0x02, 0x28, 0x50, 0x38, 0x58, 0x0A,
    0x06, 0x54, 0x2A, 0x3C, 0x22, 0x35, 0x31, 0x35, 0x32, 0x4C, 0x3B, 0x4C,
    0x3A, 0x02, 0x02, 0x40, 0x4A, 0x3E, 0x4C, 0x42, 0x48, 0x43, 0x4D, 0x45,
    0x4B, 0x41, 0x4F, 0x02, 0x03, 0x32, 0x33, 0x2B, 0x33, 0x32, 0x33, 0x4B,
    0x3E, 0x4B, 0x3E, 0x45, 0x3E, 0x35, 0x47, 0x44, 0x4E, 0x26, 0x40, 0x0F,
    0x0A, 0x09, 0x01, 0x00, 0x00, 0x0A, 0x00, 0x03, 0x01, 0x06, 0x08, 0x10,
    0x01, 0x17, 0x84, 0x00, 0x04, 0x0A, 0x01, 0x01, 0x02, 0x00, 0x0A, 0x00,
    0x01, 0x05, 0x10, 0x01, 0x17, 0x82, 0x00, 0x04, 0x0A, 0x02, 0x01, 0x05,
    0x00, 0x0A, 0x03, 0x01, 0x06, 0x00, 0x0A, 0x04, 0x01, 0x08, 0x00, 0x0A,
    0x05, 0x01, 0x03, 0x00, 0x0A, 0x06, 0x01, 0x04, 0x00, 0x0A, 0x08, 0x01,
    0x09, 0x20, 0x25, 0x1C, 0x0A, 0x07, 0x01, 0x09, 0x20, 0x22, 0x21, 0x0A,
    0x00, 0x01, 0x07, 0x30, 0x24, 0x1C, 0x01, 0x17, 0x81, 0x00, 0x04, 0x0A,
    0x00, 0x01, 0x07, 0x30, 0x22, 0x1E, 0x01, 0x17, 0x81, 0x00, 0x04, 0x0A,
    0x00, 0x01, 0x07, 0x18, 0x15, 0xFF, 0x01, 0x17, 0x81, 0x00, 0x04, 0x0A,
    0x0A, 0x01, 0x0A, 0x00,
};

/* share -- R_ShareIcon */
static const uint8_t tiku_icon_share[445] = {
    0x6E, 0x63, 0x69, 0x66, 0x07, 0x05, 0x00, 0x04, 0x00, 0x54, 0x02, 0x00,
    0x16, 0x02, 0x3B, 0x01, 0x9B, 0x3A, 0xA2, 0x35, 0xBC, 0x24, 0x3E, 0x3C,
    0x71, 0xD2, 0x48, 0xD1, 0x7C, 0x49, 0x84, 0x91, 0x00, 0xCE, 0xFF, 0xAC,
    0x02, 0x00, 0x16, 0x02, 0x3B, 0xA7, 0x11, 0x38, 0xD0, 0xC8, 0xBB, 0xF4,
    0xB8, 0x3E, 0x90, 0xE6, 0x4A, 0xED, 0x7C, 0x48, 0x5B, 0xD7, 0x00, 0x85,
    0xFF, 0xBA, 0x02, 0x00, 0x06, 0x02, 0xBB, 0x6F, 0xCB, 0xB8, 0xD4, 0xC8,
    0x39, 0xAA, 0x71, 0xBC, 0x39, 0x92, 0x49, 0x2F, 0xF1, 0x48, 0xD9, 0x6A,
    0x00, 0xC3, 0xC3, 0xC3, 0xFF, 0xFF, 0xFC, 0xF9, 0x02, 0x00, 0x16, 0x02,
    0x37, 0x3B, 0x01, 0x38, 0x02, 0xDA, 0xBB, 0xB4, 0x14, 0x3A, 0xF9, 0x72,
    0x4A, 0xA7, 0x59, 0x46, 0x60, 0x3D, 0x00, 0xE8, 0xFE, 0xA5, 0x03, 0xA9,
    0xFF, 0x00, 0x09, 0x06, 0x08, 0xEA, 0x2D, 0x26, 0x54, 0x3A, 0x46, 0x4C,
    0x45, 0x5B, 0x49, 0x5B, 0x49, 0x5D, 0x4A, 0x4C, 0x4B, 0x5D, 0x4B, 0x5D,
    0x4A, 0x5E, 0xC2, 0xEC, 0x5E, 0x3C, 0x06, 0x0B, 0xFB, 0xBA, 0x2B, 0x37,
    0x23, 0x39, 0x21, 0x37, 0x23, 0x27, 0x2F, 0x26, 0x31, 0x26, 0x2F, 0x26,
    0x33, 0x26, 0x4D, 0x26, 0x4D, 0x26, 0x4F, 0x27, 0x50, 0x3A, 0x5A, 0x3D,
    0x59, 0x3B, 0x5B, 0x3D, 0x59, 0x4E, 0x47, 0x4E, 0x2C, 0x4E, 0x2E, 0x4E,
    0x2A, 0x4D, 0x2A, 0xBD, 0xCD, 0xB4, 0x1D, 0x06, 0x08, 0xAF, 0xAF, 0x26,
    0x31, 0x26, 0x2F, 0x26, 0x32, 0x26, 0x4D, 0x26, 0x4B, 0x26, 0x4F, 0xB5,
    0xCF, 0xC5, 0xEF, 0xBD, 0xC0, 0xC9, 0xE8, 0x3C, 0x58, 0x3C, 0x59, 0x3C,
    0x57, 0x3C, 0x39, 0x3C, 0x3B, 0x3C, 0x37, 0xBD, 0xBE, 0xBB, 0xFF, 0x27,
    0x2F, 0x0A, 0x04, 0x3C, 0x39, 0x3C, 0x59, 0x4E, 0x47, 0x4E, 0x2B, 0x0A,
    0x04, 0x39, 0x22, 0x27, 0x2F, 0x3B, 0x37, 0x4D, 0x2A, 0x06, 0x07, 0x76,
    0x2E, 0x32, 0x34, 0x36, 0x36, 0x3A, 0x36, 0x37, 0x36, 0x3B, 0x57, 0x3B,
    0x59, 0x3B, 0x3A, 0x3B, 0x3A, 0x3B, 0x38, 0x3A, 0x38, 0x0A, 0x04, 0x35,
    0x36, 0x35, 0x56, 0x3B, 0x58, 0x3B, 0x39, 0x04, 0x04, 0xBE, 0x4C, 0x4A,
    0x4E, 0x4C, 0x4E, 0x4B, 0x4E, 0x4D, 0x4B, 0x4F, 0x4C, 0x4F, 0x4A, 0x4F,
    0x49, 0x4D, 0x06, 0x04, 0xEE, 0x3C, 0x39, 0x3B, 0x37, 0x3C, 0x37, 0x3D,
    0x36, 0x4D, 0x2A, 0x4E, 0x2C, 0x4E, 0x2A, 0x4B, 0x2E, 0x0C, 0x0A, 0x01,
    0x01, 0x00, 0x00, 0x0A, 0x00, 0x01, 0x01, 0x10, 0x01, 0x17, 0x84, 0x00,
    0x04, 0x0A, 0x02, 0x01, 0x02, 0x00, 0x0A, 0x03, 0x01, 0x03, 0x00, 0x0A,
    0x04, 0x01, 0x04, 0x00, 0x0A, 0x00, 0x01, 0x05, 0x08, 0x11, 0xFF, 0x0A,
    0x00, 0x01, 0x06, 0x08, 0x00, 0x10, 0x0A, 0x05, 0x01, 0x08, 0x00, 0x0A,
    0x00, 0x01, 0x07, 0x00, 0x0A, 0x00, 0x01, 0x07, 0x20, 0x16, 0x2B, 0x0A,
    0x06, 0x01, 0x07, 0x0A, 0xBB, 0xEB, 0x5F, 0xBC, 0x38, 0xD9, 0x3A, 0xA6,
    0x56, 0xBD, 0x49, 0x6C, 0x49, 0x7E, 0x4D, 0x4B, 0xBC, 0x08, 0x11, 0xFF,
    0x0A, 0x06, 0x01, 0x07, 0x0A, 0xBB, 0xEB, 0x5F, 0xBC, 0x38, 0xD9, 0x3A,
    0xA6, 0x56, 0xBD, 0x49, 0x6C, 0x49, 0x7E, 0x4D, 0x4C, 0x06, 0x04, 0x11,
    0xFF,
};

static const tiku_icon_t tiku_icon_table[TIKU_ICON_COUNT] = {
    { "folder",             tiku_icon_folder,
      sizeof tiku_icon_folder },
    { "folder_open",        tiku_icon_folder_open,
      sizeof tiku_icon_folder_open },
    { "file",               tiku_icon_file,
      sizeof tiku_icon_file },
    { "volume",             tiku_icon_volume,
      sizeof tiku_icon_volume },
    { "symlink",            tiku_icon_symlink,
      sizeof tiku_icon_symlink },
    { "trash_empty",        tiku_icon_trash_empty,
      sizeof tiku_icon_trash_empty },
    { "trash_full",         tiku_icon_trash_full,
      sizeof tiku_icon_trash_full },
    { "query",              tiku_icon_query,
      sizeof tiku_icon_query },
    { "application",        tiku_icon_application,
      sizeof tiku_icon_application },
    { "executable",         tiku_icon_executable,
      sizeof tiku_icon_executable },
    { "query_template",     tiku_icon_query_template,
      sizeof tiku_icon_query_template },
    { "text_file",          tiku_icon_text_file,
      sizeof tiku_icon_text_file },
    { "generic_app_file",   tiku_icon_generic_app_file,
      sizeof tiku_icon_generic_app_file },
    { "package",            tiku_icon_package,
      sizeof tiku_icon_package },
    { "boot_volume",        tiku_icon_boot_volume,
      sizeof tiku_icon_boot_volume },
    { "root",               tiku_icon_root,
      sizeof tiku_icon_root },
    { "desktop",            tiku_icon_desktop,
      sizeof tiku_icon_desktop },
    { "home",               tiku_icon_home,
      sizeof tiku_icon_home },
    { "floppy",             tiku_icon_floppy,
      sizeof tiku_icon_floppy },
    { "cd",                 tiku_icon_cd,
      sizeof tiku_icon_cd },
    { "folder_system",      tiku_icon_folder_system,
      sizeof tiku_icon_folder_system },
    { "folder_apps",        tiku_icon_folder_apps,
      sizeof tiku_icon_folder_apps },
    { "folder_prefs",       tiku_icon_folder_prefs,
      sizeof tiku_icon_folder_prefs },
    { "folder_config",      tiku_icon_folder_config,
      sizeof tiku_icon_folder_config },
    { "folder_downloads",   tiku_icon_folder_downloads,
      sizeof tiku_icon_folder_downloads },
    { "folder_mail",        tiku_icon_folder_mail,
      sizeof tiku_icon_folder_mail },
    { "folder_people",      tiku_icon_folder_people,
      sizeof tiku_icon_folder_people },
    { "folder_queries",     tiku_icon_folder_queries,
      sizeof tiku_icon_folder_queries },
    { "folder_develop",     tiku_icon_folder_develop,
      sizeof tiku_icon_folder_develop },
    { "folder_fonts",       tiku_icon_folder_fonts,
      sizeof tiku_icon_folder_fonts },
    { "folder_virtual",     tiku_icon_folder_virtual,
      sizeof tiku_icon_folder_virtual },
    { "bookmark",           tiku_icon_bookmark,
      sizeof tiku_icon_bookmark },
    { "printer",            tiku_icon_printer,
      sizeof tiku_icon_printer },
    { "share",              tiku_icon_share,
      sizeof tiku_icon_share },
};

/*
 * The set as it stands: the baked art to begin with, and afterwards
 * whatever a directory replaced or added.  The render cache is indexed
 * by an icon's place in HERE, so nothing hands out a pointer from
 * anywhere else.
 */
static tiku_icon_t tiku_icon_live[TIKU_ICON_COUNT +
                                          TIKU_ICON_EXTRA];
static int tiku_icon_live_count;

static void icons_forget(int index);

/** @brief Bring the live set up, once, from what was baked in. */
static void
icons_wake(void)
{
    if (tiku_icon_live_count == 0) {
        memcpy(tiku_icon_live, tiku_icon_table,
               sizeof tiku_icon_table);
        tiku_icon_live_count = TIKU_ICON_COUNT;
    }
}

int
tiku_icons_count(void)
{
    icons_wake();
    return tiku_icon_live_count;
}

const tiku_icon_t *
tiku_icons_at(int i)
{
    icons_wake();
    if (i < 0 || i >= tiku_icon_live_count) {
        return NULL;
    }
    return &tiku_icon_live[i];
}

const tiku_icon_t *
tiku_icons_find(const char *name)
{
    int i;

    icons_wake();
    if (name == NULL) {
        return NULL;
    }
    for (i = 0; i < tiku_icon_live_count; i++) {
        if (strcmp(tiku_icon_live[i].name, name) == 0) {
            return &tiku_icon_live[i];
        }
    }
    return NULL;
}

/* One rendered bitmap per icon per size.  A pose view asks for the same two
 * or three sizes for the whole window, so the slot count is generous; the
 * oldest slot goes when a fourth size shows up. */
#define TIKU_ICONS_SLOTS 4

typedef struct {
    int       size;
    uint32_t *bmp;
    /* The selected look, cached beside the art it was derived from: Haiku
     * keeps a second bitmap per icon for exactly this, and recomputing the
     * wash per composite was the one clause IV-019 still owed. */
    uint32_t *washed;
    uint32_t  wash_key;             /* wash colour + mix that built it     */
    unsigned  stamp;                /* render order, for the oldest-first  */
} tiku_icon_slot_t;

static tiku_icon_slot_t
tiku_icon_cache[TIKU_ICON_COUNT + TIKU_ICON_EXTRA]
                   [TIKU_ICONS_SLOTS];
static size_t   tiku_icon_bytes;
static unsigned tiku_icon_clock;

static size_t
slot_bytes(const tiku_icon_slot_t *slot)
{
    size_t one = (size_t)slot->size * (size_t)slot->size * sizeof *slot->bmp;

    return (slot->washed != NULL) ? one * 2u : one;
}

/** @brief Drop what was rendered from the icon at @p index. */
static void
icons_forget(int index)
{
    int k;

    if (index < 0 || index >= TIKU_ICON_COUNT + TIKU_ICON_EXTRA) {
        return;
    }
    for (k = 0; k < TIKU_ICONS_SLOTS; k++) {
        tiku_icon_slot_t *slot = &tiku_icon_cache[index][k];

        if (slot->bmp != NULL) {
            tiku_icon_bytes -= slot_bytes(slot);
        }
        free(slot->bmp);
        free(slot->washed);
        slot->bmp = NULL;
        slot->washed = NULL;
        slot->size = 0;
    }
}

/** @brief Take one file as the icon named @p name.  @return nonzero. */
static int
icons_take(const char *path, const char *name)
{
    unsigned char *blob;
    long size;
    FILE *f = fopen(path, "rb");
    int i, at = -1;

    if (f == NULL) {
        return 0;
    }
    if (fseek(f, 0, SEEK_END) != 0 || (size = ftell(f)) <= 0 ||
        size > 256 * 1024 || fseek(f, 0, SEEK_SET) != 0) {
        (void)fclose(f);
        return 0;
    }
    blob = malloc((size_t)size);
    if (blob == NULL || fread(blob, 1u, (size_t)size, f) != (size_t)size) {
        free(blob);
        (void)fclose(f);
        return 0;
    }
    (void)fclose(f);
    /* A file replaces the art of the same name and keeps its place, so
     * everything already drawing "folder" draws the new one. */
    for (i = 0; i < tiku_icon_live_count; i++) {
        if (strcmp(tiku_icon_live[i].name, name) == 0) {
            at = i;
            break;
        }
    }
    if (at < 0) {
        if (tiku_icon_live_count >=
            TIKU_ICON_COUNT + TIKU_ICON_EXTRA) {
            free(blob);
            return 0;
        }
        at = tiku_icon_live_count++;
        tiku_icon_live[at].name = NULL;
    }
    icons_forget(at);
    /* The name is kept beside the art: the file's own, outliving the
     * directory walk that found it. */
    {
        char *kept = malloc(strlen(name) + 1u);

        if (kept == NULL) {
            free(blob);
            return 0;
        }
        memcpy(kept, name, strlen(name) + 1u);
        if (at >= TIKU_ICON_COUNT) {
            free((void *)(size_t)tiku_icon_live[at].name);
        }
        tiku_icon_live[at].name = kept;
    }
    tiku_icon_live[at].data = blob;
    tiku_icon_live[at].len = (size_t)size;
    return 1;
}

int
tiku_icons_load_dir(const char *dir)
{
    struct dirent *entry;
    DIR *open_dir;
    int taken = 0;

    icons_wake();
    if (dir == NULL || dir[0] == '\0') {
        return 0;
    }
    open_dir = opendir(dir);
    if (open_dir == NULL) {
        return 0;
    }
    while ((entry = readdir(open_dir)) != NULL) {
        char path[1024];
        char name[64];
        size_t n = strlen(entry->d_name);

        if (n < 6u || n >= sizeof name + 5u ||
            strcmp(entry->d_name + n - 5, ".hvif") != 0) {
            continue;
        }
        snprintf(name, sizeof name, "%.*s", (int)(n - 5), entry->d_name);
        snprintf(path, sizeof path, "%s/%s", dir, entry->d_name);
        taken += icons_take(path, name);
    }
    (void)closedir(open_dir);
    return taken;
}


/** @brief Free the oldest render anywhere in the cache.  @return its bytes. */
static size_t
evict_oldest(void)
{
    tiku_icon_slot_t *oldest = NULL;
    int i, k;

    for (i = 0; i < TIKU_ICON_COUNT + TIKU_ICON_EXTRA; i++) {
        for (k = 0; k < TIKU_ICONS_SLOTS; k++) {
            tiku_icon_slot_t *slot = &tiku_icon_cache[i][k];

            if (slot->bmp != NULL &&
                (oldest == NULL || slot->stamp < oldest->stamp)) {
                oldest = slot;
            }
        }
    }
    if (oldest == NULL) {
        return 0;
    }
    {
        size_t freed = slot_bytes(oldest);

        free(oldest->bmp);
        free(oldest->washed);
        oldest->bmp = NULL;
        oldest->washed = NULL;
        oldest->size = 0;
        tiku_icon_bytes -= freed;
        return freed;
    }
}

size_t
tiku_icons_cached_bytes(void)
{
    return tiku_icon_bytes;
}

int
tiku_icons_cached(const char *name, int size)
{
    const tiku_icon_t *ic = tiku_icons_find(name);
    int idx, k;

    if (ic == NULL) {
        return 0;
    }
    idx = (int)(ic - tiku_icon_live);
    for (k = 0; k < TIKU_ICONS_SLOTS; k++) {
        if (tiku_icon_cache[idx][k].bmp != NULL &&
            tiku_icon_cache[idx][k].size == size) {
            return 1;
        }
    }
    return 0;
}

const uint32_t *
tiku_icons_bitmap(const char *name, int size)
{
    const tiku_icon_t *ic = tiku_icons_find(name);
    tiku_icon_slot_t *row;
    tiku_hvif_t *parsed;
    uint32_t *bmp;
    int idx, i;

    if (ic == NULL || size <= 0 || size > 1024) {
        return NULL;
    }
    idx = (int)(ic - tiku_icon_live);
    row = tiku_icon_cache[idx];
    for (i = 0; i < TIKU_ICONS_SLOTS; i++) {
        if (row[i].bmp != NULL && row[i].size == size) {
            return row[i].bmp;
        }
    }
    parsed = tiku_hvif_parse(ic->data, ic->len, NULL, 0);
    if (parsed == NULL) {
        return NULL;
    }
    bmp = malloc((size_t)size * (size_t)size * sizeof *bmp);
    if (bmp == NULL || tiku_hvif_render(parsed, bmp, size, size) != 0) {
        free(bmp);
        tiku_hvif_free(parsed);
        return NULL;
    }
    tiku_hvif_free(parsed);
    for (i = 0; i < TIKU_ICONS_SLOTS; i++) {
        if (row[i].bmp == NULL) {
            break;
        }
    }
    if (i == TIKU_ICONS_SLOTS) {
        i = 0;
        tiku_icon_bytes -= slot_bytes(&row[0]);
        free(row[0].bmp);
        free(row[0].washed);
        memmove(&row[0], &row[1],
                (TIKU_ICONS_SLOTS - 1) * sizeof row[0]);
        i = TIKU_ICONS_SLOTS - 1;
        row[i].bmp = NULL;
    }
    /* The budget is over the whole cache, not this icon's row: a window
     * asking for one size of thirty icons spends as much as one icon at
     * four sizes, and only one of those is bounded by a slot count. */
    {
        size_t want = (size_t)size * (size_t)size * sizeof *bmp;

        while (tiku_icon_bytes + want > TIKU_ICONS_BUDGET) {
            if (evict_oldest() == 0) {
                break;          /* nothing left to give up */
            }
        }
    }
    row[i].size = size;
    row[i].bmp = bmp;
    row[i].washed = NULL;
    row[i].wash_key = 0u;
    row[i].stamp = ++tiku_icon_clock;
    tiku_icon_bytes += (size_t)size * (size_t)size * sizeof *bmp;
    return bmp;
}

void
tiku_icons_flush(void)
{
    int i, k;

    for (i = 0; i < TIKU_ICON_COUNT + TIKU_ICON_EXTRA; i++) {
        for (k = 0; k < TIKU_ICONS_SLOTS; k++) {
            free(tiku_icon_cache[i][k].bmp);
            tiku_icon_cache[i][k].bmp = NULL;
            tiku_icon_cache[i][k].size = 0;
        }
    }
    tiku_icon_bytes = 0;
}

static unsigned washed_builds;

unsigned
tiku_icons_washed_builds(void)
{
    return washed_builds;
}

const uint32_t *
tiku_icons_bitmap_washed(const char *name, int size, uint32_t wash,
                             unsigned mix)
{
    const tiku_icon_t *ic = tiku_icons_find(name);
    tiku_icon_slot_t *row;
    uint32_t key = (wash & 0xffffffu) | ((uint32_t)(mix & 0xffu) << 24);
    int idx, i;

    if (ic == NULL || tiku_icons_bitmap(name, size) == NULL) {
        return NULL;            /* the plain render is the source */
    }
    idx = (int)(ic - tiku_icon_live);
    row = tiku_icon_cache[idx];
    for (i = 0; i < TIKU_ICONS_SLOTS; i++) {
        if (row[i].bmp == NULL || row[i].size != size) {
            continue;
        }
        if (row[i].washed != NULL && row[i].wash_key == key) {
            return row[i].washed;
        }
        {
            /* Derived from the plain art, alpha kept, so the ordinary
             * composite serves both looks (IV-019). */
            size_t n = (size_t)size * (size_t)size;
            uint32_t *w = row[i].washed;
            size_t k;

            if (w == NULL) {
                w = malloc(n * sizeof *w);
                if (w == NULL) {
                    return NULL;
                }
                tiku_icon_bytes += n * sizeof *w;
            }
            for (k = 0; k < n; k++) {
                uint32_t src = row[i].bmp[k];
                unsigned a = (src >> 24) & 0xffu;
                unsigned r = ((src >> 16) & 0xffu) * (255u - mix) +
                             ((wash >> 16) & 0xffu) * mix * a / 255u;
                unsigned g = ((src >> 8) & 0xffu) * (255u - mix) +
                             ((wash >> 8) & 0xffu) * mix * a / 255u;
                unsigned b2 = (src & 0xffu) * (255u - mix) +
                              (wash & 0xffu) * mix * a / 255u;

                w[k] = ((uint32_t)a << 24) |
                       ((uint32_t)(r / 255u) << 16) |
                       ((uint32_t)(g / 255u) << 8) |
                       (uint32_t)(b2 / 255u);
            }
            row[i].washed = w;
            row[i].wash_key = key;
            washed_builds++;
            return w;
        }
    }
    return NULL;
}
